<annotation>
	<folder></folder>
	<filename>benign--37-_png.rf.a4a63c8832f7198d6c0999706c0c75ba.jpg</filename>
	<path>benign--37-_png.rf.a4a63c8832f7198d6c0999706c0c75ba.jpg</path>
	<source>
		<database>roboflow.ai</database>
	</source>
	<size>
		<width>416</width>
		<height>416</height>
		<depth>3</depth>
	</size>
	<segmented>0</segmented>
	<object>
		<name>benign</name>
		<pose>Unspecified</pose>
		<truncated>0</truncated>
		<difficult>0</difficult>
		<occluded>0</occluded>
		<bndbox>
			<xmin>136</xmin>
			<xmax>199</xmax>
			<ymin>54</ymin>
			<ymax>130</ymax>
		</bndbox>
	</object>
</annotation>
