<annotation>
	<folder></folder>
	<filename>benign--35-_mask_png.rf.fba2895815b3d93ab082ccf13c3e591b.jpg</filename>
	<path>benign--35-_mask_png.rf.fba2895815b3d93ab082ccf13c3e591b.jpg</path>
	<source>
		<database>roboflow.ai</database>
	</source>
	<size>
		<width>416</width>
		<height>416</height>
		<depth>3</depth>
	</size>
	<segmented>0</segmented>
	<object>
		<name>benign</name>
		<pose>Unspecified</pose>
		<truncated>0</truncated>
		<difficult>0</difficult>
		<occluded>0</occluded>
		<bndbox>
			<xmin>38</xmin>
			<xmax>120</xmax>
			<ymin>76</ymin>
			<ymax>142</ymax>
		</bndbox>
	</object>
</annotation>
