<annotation>
	<folder></folder>
	<filename>benign--20-_mask_png.rf.1e3b228db186260c85a73b06b9fe6cf2.jpg</filename>
	<path>benign--20-_mask_png.rf.1e3b228db186260c85a73b06b9fe6cf2.jpg</path>
	<source>
		<database>roboflow.ai</database>
	</source>
	<size>
		<width>416</width>
		<height>416</height>
		<depth>3</depth>
	</size>
	<segmented>0</segmented>
	<object>
		<name>benign</name>
		<pose>Unspecified</pose>
		<truncated>0</truncated>
		<difficult>0</difficult>
		<occluded>0</occluded>
		<bndbox>
			<xmin>141</xmin>
			<xmax>334</xmax>
			<ymin>77</ymin>
			<ymax>167</ymax>
		</bndbox>
	</object>
</annotation>
