<annotation>
	<folder></folder>
	<filename>benign--8-_png.rf.3549e328a375696fc7ab9262604bb893.jpg</filename>
	<path>benign--8-_png.rf.3549e328a375696fc7ab9262604bb893.jpg</path>
	<source>
		<database>roboflow.ai</database>
	</source>
	<size>
		<width>416</width>
		<height>416</height>
		<depth>3</depth>
	</size>
	<segmented>0</segmented>
	<object>
		<name>benign</name>
		<pose>Unspecified</pose>
		<truncated>0</truncated>
		<difficult>0</difficult>
		<occluded>0</occluded>
		<bndbox>
			<xmin>189</xmin>
			<xmax>261</xmax>
			<ymin>124</ymin>
			<ymax>179</ymax>
		</bndbox>
	</object>
</annotation>
