<annotation>
	<folder></folder>
	<filename>benign--30-_mask_png.rf.ceb048ef8b69387365974edfa3c88789.jpg</filename>
	<path>benign--30-_mask_png.rf.ceb048ef8b69387365974edfa3c88789.jpg</path>
	<source>
		<database>roboflow.ai</database>
	</source>
	<size>
		<width>416</width>
		<height>416</height>
		<depth>3</depth>
	</size>
	<segmented>0</segmented>
	<object>
		<name>benign</name>
		<pose>Unspecified</pose>
		<truncated>0</truncated>
		<difficult>0</difficult>
		<occluded>0</occluded>
		<bndbox>
			<xmin>120</xmin>
			<xmax>204</xmax>
			<ymin>27</ymin>
			<ymax>125</ymax>
		</bndbox>
	</object>
</annotation>
