<annotation>
	<folder></folder>
	<filename>benign--28-_png.rf.48adf958b40b8b5acf5a8a5ab55d5773.jpg</filename>
	<path>benign--28-_png.rf.48adf958b40b8b5acf5a8a5ab55d5773.jpg</path>
	<source>
		<database>roboflow.ai</database>
	</source>
	<size>
		<width>416</width>
		<height>416</height>
		<depth>3</depth>
	</size>
	<segmented>0</segmented>
	<object>
		<name>benign</name>
		<pose>Unspecified</pose>
		<truncated>0</truncated>
		<difficult>0</difficult>
		<occluded>0</occluded>
		<bndbox>
			<xmin>232</xmin>
			<xmax>332</xmax>
			<ymin>180</ymin>
			<ymax>282</ymax>
		</bndbox>
	</object>
</annotation>
