<annotation>
	<folder></folder>
	<filename>benign--16-_mask_png.rf.b9fa597752eb4d39b695d4958da32167.jpg</filename>
	<path>benign--16-_mask_png.rf.b9fa597752eb4d39b695d4958da32167.jpg</path>
	<source>
		<database>roboflow.ai</database>
	</source>
	<size>
		<width>416</width>
		<height>416</height>
		<depth>3</depth>
	</size>
	<segmented>0</segmented>
	<object>
		<name>benign</name>
		<pose>Unspecified</pose>
		<truncated>0</truncated>
		<difficult>0</difficult>
		<occluded>0</occluded>
		<bndbox>
			<xmin>235</xmin>
			<xmax>296</xmax>
			<ymin>108</ymin>
			<ymax>166</ymax>
		</bndbox>
	</object>
</annotation>
