<annotation>
	<folder></folder>
	<filename>benign--24-_png.rf.137313a81b54c258a4843b6c9a0c8e6b.jpg</filename>
	<path>benign--24-_png.rf.137313a81b54c258a4843b6c9a0c8e6b.jpg</path>
	<source>
		<database>roboflow.ai</database>
	</source>
	<size>
		<width>416</width>
		<height>416</height>
		<depth>3</depth>
	</size>
	<segmented>0</segmented>
	<object>
		<name>benign</name>
		<pose>Unspecified</pose>
		<truncated>0</truncated>
		<difficult>0</difficult>
		<occluded>0</occluded>
		<bndbox>
			<xmin>197</xmin>
			<xmax>285</xmax>
			<ymin>182</ymin>
			<ymax>259</ymax>
		</bndbox>
	</object>
</annotation>
