<annotation>
	<folder></folder>
	<filename>benign--44-_mask_png.rf.412efefd1967c31eaadcf44c8d681ff1.jpg</filename>
	<path>benign--44-_mask_png.rf.412efefd1967c31eaadcf44c8d681ff1.jpg</path>
	<source>
		<database>roboflow.ai</database>
	</source>
	<size>
		<width>416</width>
		<height>416</height>
		<depth>3</depth>
	</size>
	<segmented>0</segmented>
	<object>
		<name>benign</name>
		<pose>Unspecified</pose>
		<truncated>0</truncated>
		<difficult>0</difficult>
		<occluded>0</occluded>
		<bndbox>
			<xmin>96</xmin>
			<xmax>185</xmax>
			<ymin>103</ymin>
			<ymax>179</ymax>
		</bndbox>
	</object>
</annotation>
