<annotation>
	<folder></folder>
	<filename>benign--1-_mask_png.rf.26b5bc0924cfa91220b4c8dda0d72aef.jpg</filename>
	<path>benign--1-_mask_png.rf.26b5bc0924cfa91220b4c8dda0d72aef.jpg</path>
	<source>
		<database>roboflow.ai</database>
	</source>
	<size>
		<width>416</width>
		<height>416</height>
		<depth>3</depth>
	</size>
	<segmented>0</segmented>
	<object>
		<name>benign</name>
		<pose>Unspecified</pose>
		<truncated>0</truncated>
		<difficult>0</difficult>
		<occluded>0</occluded>
		<bndbox>
			<xmin>210</xmin>
			<xmax>255</xmax>
			<ymin>107</ymin>
			<ymax>154</ymax>
		</bndbox>
	</object>
</annotation>
