<annotation>
	<folder></folder>
	<filename>benign--14-_mask_png.rf.961a58cffb8ea08a4a7f4138483c7719.jpg</filename>
	<path>benign--14-_mask_png.rf.961a58cffb8ea08a4a7f4138483c7719.jpg</path>
	<source>
		<database>roboflow.ai</database>
	</source>
	<size>
		<width>416</width>
		<height>416</height>
		<depth>3</depth>
	</size>
	<segmented>0</segmented>
	<object>
		<name>benign</name>
		<pose>Unspecified</pose>
		<truncated>0</truncated>
		<difficult>0</difficult>
		<occluded>0</occluded>
		<bndbox>
			<xmin>299</xmin>
			<xmax>380</xmax>
			<ymin>103</ymin>
			<ymax>176</ymax>
		</bndbox>
	</object>
</annotation>
