<annotation>
	<folder></folder>
	<filename>benign--13-_mask_png.rf.deb5416de61770ada94b2a9bf21b766a.jpg</filename>
	<path>benign--13-_mask_png.rf.deb5416de61770ada94b2a9bf21b766a.jpg</path>
	<source>
		<database>roboflow.ai</database>
	</source>
	<size>
		<width>416</width>
		<height>416</height>
		<depth>3</depth>
	</size>
	<segmented>0</segmented>
	<object>
		<name>benign</name>
		<pose>Unspecified</pose>
		<truncated>0</truncated>
		<difficult>0</difficult>
		<occluded>0</occluded>
		<bndbox>
			<xmin>105</xmin>
			<xmax>343</xmax>
			<ymin>68</ymin>
			<ymax>232</ymax>
		</bndbox>
	</object>
</annotation>
