<annotation>
	<folder></folder>
	<filename>benign--5-_png.rf.76ffe9dffd24b11a97b286ea6ca44dde.jpg</filename>
	<path>benign--5-_png.rf.76ffe9dffd24b11a97b286ea6ca44dde.jpg</path>
	<source>
		<database>roboflow.ai</database>
	</source>
	<size>
		<width>416</width>
		<height>416</height>
		<depth>3</depth>
	</size>
	<segmented>0</segmented>
	<object>
		<name>benign</name>
		<pose>Unspecified</pose>
		<truncated>0</truncated>
		<difficult>0</difficult>
		<occluded>0</occluded>
		<bndbox>
			<xmin>162</xmin>
			<xmax>242</xmax>
			<ymin>147</ymin>
			<ymax>230</ymax>
		</bndbox>
	</object>
</annotation>
