<annotation>
	<folder></folder>
	<filename>benign--1-_png.rf.4c6330f5085ebdd671049cf8b0be2d3e.jpg</filename>
	<path>benign--1-_png.rf.4c6330f5085ebdd671049cf8b0be2d3e.jpg</path>
	<source>
		<database>roboflow.ai</database>
	</source>
	<size>
		<width>416</width>
		<height>416</height>
		<depth>3</depth>
	</size>
	<segmented>0</segmented>
	<object>
		<name>benign</name>
		<pose>Unspecified</pose>
		<truncated>0</truncated>
		<difficult>0</difficult>
		<occluded>0</occluded>
		<bndbox>
			<xmin>208</xmin>
			<xmax>255</xmax>
			<ymin>110</ymin>
			<ymax>148</ymax>
		</bndbox>
	</object>
</annotation>
