<annotation>
	<folder></folder>
	<filename>benign--12-_png.rf.57cd312e8386ce700f6bb6d96d6575dd.jpg</filename>
	<path>benign--12-_png.rf.57cd312e8386ce700f6bb6d96d6575dd.jpg</path>
	<source>
		<database>roboflow.ai</database>
	</source>
	<size>
		<width>416</width>
		<height>416</height>
		<depth>3</depth>
	</size>
	<segmented>0</segmented>
	<object>
		<name>benign</name>
		<pose>Unspecified</pose>
		<truncated>0</truncated>
		<difficult>0</difficult>
		<occluded>0</occluded>
		<bndbox>
			<xmin>202</xmin>
			<xmax>270</xmax>
			<ymin>116</ymin>
			<ymax>176</ymax>
		</bndbox>
	</object>
</annotation>
