<annotation>
	<folder></folder>
	<filename>benign--29-_mask_png.rf.c9a05d1654d14018c03c802c8ae3680b.jpg</filename>
	<path>benign--29-_mask_png.rf.c9a05d1654d14018c03c802c8ae3680b.jpg</path>
	<source>
		<database>roboflow.ai</database>
	</source>
	<size>
		<width>416</width>
		<height>416</height>
		<depth>3</depth>
	</size>
	<segmented>0</segmented>
	<object>
		<name>benign</name>
		<pose>Unspecified</pose>
		<truncated>0</truncated>
		<difficult>0</difficult>
		<occluded>0</occluded>
		<bndbox>
			<xmin>69</xmin>
			<xmax>127</xmax>
			<ymin>112</ymin>
			<ymax>158</ymax>
		</bndbox>
	</object>
</annotation>
