<annotation>
	<folder></folder>
	<filename>benign--18-_png.rf.d6c4ed56c70ba822d54c4263b2650272.jpg</filename>
	<path>benign--18-_png.rf.d6c4ed56c70ba822d54c4263b2650272.jpg</path>
	<source>
		<database>roboflow.ai</database>
	</source>
	<size>
		<width>416</width>
		<height>416</height>
		<depth>3</depth>
	</size>
	<segmented>0</segmented>
	<object>
		<name>benign</name>
		<pose>Unspecified</pose>
		<truncated>0</truncated>
		<difficult>0</difficult>
		<occluded>0</occluded>
		<bndbox>
			<xmin>110</xmin>
			<xmax>373</xmax>
			<ymin>12</ymin>
			<ymax>266</ymax>
		</bndbox>
	</object>
</annotation>
