<annotation>
	<folder></folder>
	<filename>benign--7-_mask_png.rf.7ab993edceecd21d57dddc7ab93cabad.jpg</filename>
	<path>benign--7-_mask_png.rf.7ab993edceecd21d57dddc7ab93cabad.jpg</path>
	<source>
		<database>roboflow.ai</database>
	</source>
	<size>
		<width>416</width>
		<height>416</height>
		<depth>3</depth>
	</size>
	<segmented>0</segmented>
	<object>
		<name>benign</name>
		<pose>Unspecified</pose>
		<truncated>0</truncated>
		<difficult>0</difficult>
		<occluded>0</occluded>
		<bndbox>
			<xmin>284</xmin>
			<xmax>337</xmax>
			<ymin>70</ymin>
			<ymax>127</ymax>
		</bndbox>
	</object>
</annotation>
