<annotation>
	<folder></folder>
	<filename>benign--41-_mask_png.rf.512a5840a780f073478284a23f0377b6.jpg</filename>
	<path>benign--41-_mask_png.rf.512a5840a780f073478284a23f0377b6.jpg</path>
	<source>
		<database>roboflow.ai</database>
	</source>
	<size>
		<width>416</width>
		<height>416</height>
		<depth>3</depth>
	</size>
	<segmented>0</segmented>
	<object>
		<name>benign</name>
		<pose>Unspecified</pose>
		<truncated>0</truncated>
		<difficult>0</difficult>
		<occluded>0</occluded>
		<bndbox>
			<xmin>92</xmin>
			<xmax>286</xmax>
			<ymin>181</ymin>
			<ymax>318</ymax>
		</bndbox>
	</object>
</annotation>
