<annotation>
	<folder></folder>
	<filename>benign--31-_mask_png.rf.331888601ce75f4b0ffbb2fba45ce6cd.jpg</filename>
	<path>benign--31-_mask_png.rf.331888601ce75f4b0ffbb2fba45ce6cd.jpg</path>
	<source>
		<database>roboflow.ai</database>
	</source>
	<size>
		<width>416</width>
		<height>416</height>
		<depth>3</depth>
	</size>
	<segmented>0</segmented>
	<object>
		<name>benign</name>
		<pose>Unspecified</pose>
		<truncated>0</truncated>
		<difficult>0</difficult>
		<occluded>0</occluded>
		<bndbox>
			<xmin>114</xmin>
			<xmax>164</xmax>
			<ymin>36</ymin>
			<ymax>97</ymax>
		</bndbox>
	</object>
</annotation>
