<annotation>
	<folder></folder>
	<filename>benign--10-_png.rf.2c7993585394ddc02be3235cd74ec79f.jpg</filename>
	<path>benign--10-_png.rf.2c7993585394ddc02be3235cd74ec79f.jpg</path>
	<source>
		<database>roboflow.ai</database>
	</source>
	<size>
		<width>416</width>
		<height>416</height>
		<depth>3</depth>
	</size>
	<segmented>0</segmented>
	<object>
		<name>benign</name>
		<pose>Unspecified</pose>
		<truncated>0</truncated>
		<difficult>0</difficult>
		<occluded>0</occluded>
		<bndbox>
			<xmin>4</xmin>
			<xmax>170</xmax>
			<ymin>35</ymin>
			<ymax>196</ymax>
		</bndbox>
	</object>
</annotation>
