<annotation>
	<folder></folder>
	<filename>benign--9-_png.rf.a00c55e1423d3536eb969e21b957e721.jpg</filename>
	<path>benign--9-_png.rf.a00c55e1423d3536eb969e21b957e721.jpg</path>
	<source>
		<database>roboflow.ai</database>
	</source>
	<size>
		<width>416</width>
		<height>416</height>
		<depth>3</depth>
	</size>
	<segmented>0</segmented>
	<object>
		<name>benign</name>
		<pose>Unspecified</pose>
		<truncated>0</truncated>
		<difficult>0</difficult>
		<occluded>0</occluded>
		<bndbox>
			<xmin>57</xmin>
			<xmax>240</xmax>
			<ymin>38</ymin>
			<ymax>232</ymax>
		</bndbox>
	</object>
</annotation>
