<annotation>
	<folder></folder>
	<filename>benign--34-_png.rf.aecb2287037479f722dbe8b8ef04aaaf.jpg</filename>
	<path>benign--34-_png.rf.aecb2287037479f722dbe8b8ef04aaaf.jpg</path>
	<source>
		<database>roboflow.ai</database>
	</source>
	<size>
		<width>416</width>
		<height>416</height>
		<depth>3</depth>
	</size>
	<segmented>0</segmented>
	<object>
		<name>benign</name>
		<pose>Unspecified</pose>
		<truncated>0</truncated>
		<difficult>0</difficult>
		<occluded>0</occluded>
		<bndbox>
			<xmin>55</xmin>
			<xmax>233</xmax>
			<ymin>49</ymin>
			<ymax>153</ymax>
		</bndbox>
	</object>
</annotation>
