<annotation>
	<folder></folder>
	<filename>benign--46-_png.rf.9a12ac827d5761f6ff0397b18d0d273f.jpg</filename>
	<path>benign--46-_png.rf.9a12ac827d5761f6ff0397b18d0d273f.jpg</path>
	<source>
		<database>roboflow.ai</database>
	</source>
	<size>
		<width>416</width>
		<height>416</height>
		<depth>3</depth>
	</size>
	<segmented>0</segmented>
	<object>
		<name>benign</name>
		<pose>Unspecified</pose>
		<truncated>0</truncated>
		<difficult>0</difficult>
		<occluded>0</occluded>
		<bndbox>
			<xmin>163</xmin>
			<xmax>221</xmax>
			<ymin>91</ymin>
			<ymax>159</ymax>
		</bndbox>
	</object>
</annotation>
