<annotation>
	<folder></folder>
	<filename>benign--7-_png.rf.656ff0171369c934bf5a693156916136.jpg</filename>
	<path>benign--7-_png.rf.656ff0171369c934bf5a693156916136.jpg</path>
	<source>
		<database>roboflow.ai</database>
	</source>
	<size>
		<width>416</width>
		<height>416</height>
		<depth>3</depth>
	</size>
	<segmented>0</segmented>
	<object>
		<name>benign</name>
		<pose>Unspecified</pose>
		<truncated>0</truncated>
		<difficult>0</difficult>
		<occluded>0</occluded>
		<bndbox>
			<xmin>282</xmin>
			<xmax>340</xmax>
			<ymin>73</ymin>
			<ymax>132</ymax>
		</bndbox>
	</object>
</annotation>
