<annotation>
	<folder></folder>
	<filename>benign--40-_mask_png.rf.e0e0d8b8e5f0e6a8cd4e9d3b743b8961.jpg</filename>
	<path>benign--40-_mask_png.rf.e0e0d8b8e5f0e6a8cd4e9d3b743b8961.jpg</path>
	<source>
		<database>roboflow.ai</database>
	</source>
	<size>
		<width>416</width>
		<height>416</height>
		<depth>3</depth>
	</size>
	<segmented>0</segmented>
	<object>
		<name>benign</name>
		<pose>Unspecified</pose>
		<truncated>0</truncated>
		<difficult>0</difficult>
		<occluded>0</occluded>
		<bndbox>
			<xmin>144</xmin>
			<xmax>242</xmax>
			<ymin>107</ymin>
			<ymax>196</ymax>
		</bndbox>
	</object>
</annotation>
