<annotation>
	<folder></folder>
	<filename>benign--20-_png.rf.190f5e32c9923d5b0b7854f40196772a.jpg</filename>
	<path>benign--20-_png.rf.190f5e32c9923d5b0b7854f40196772a.jpg</path>
	<source>
		<database>roboflow.ai</database>
	</source>
	<size>
		<width>416</width>
		<height>416</height>
		<depth>3</depth>
	</size>
	<segmented>0</segmented>
	<object>
		<name>benign</name>
		<pose>Unspecified</pose>
		<truncated>0</truncated>
		<difficult>0</difficult>
		<occluded>0</occluded>
		<bndbox>
			<xmin>141</xmin>
			<xmax>303</xmax>
			<ymin>71</ymin>
			<ymax>167</ymax>
		</bndbox>
	</object>
</annotation>
