<annotation>
	<folder></folder>
	<filename>benign--25-_mask_png.rf.fe3c7e1b9a4bd093c52fc35ae4a9f037.jpg</filename>
	<path>benign--25-_mask_png.rf.fe3c7e1b9a4bd093c52fc35ae4a9f037.jpg</path>
	<source>
		<database>roboflow.ai</database>
	</source>
	<size>
		<width>416</width>
		<height>416</height>
		<depth>3</depth>
	</size>
	<segmented>0</segmented>
	<object>
		<name>benign</name>
		<pose>Unspecified</pose>
		<truncated>0</truncated>
		<difficult>0</difficult>
		<occluded>0</occluded>
		<bndbox>
			<xmin>249</xmin>
			<xmax>307</xmax>
			<ymin>69</ymin>
			<ymax>144</ymax>
		</bndbox>
	</object>
</annotation>
