<annotation>
	<folder></folder>
	<filename>benign--27-_png.rf.e9079301dba32bf21240eec8ab7ce8ab.jpg</filename>
	<path>benign--27-_png.rf.e9079301dba32bf21240eec8ab7ce8ab.jpg</path>
	<source>
		<database>roboflow.ai</database>
	</source>
	<size>
		<width>416</width>
		<height>416</height>
		<depth>3</depth>
	</size>
	<segmented>0</segmented>
	<object>
		<name>benign</name>
		<pose>Unspecified</pose>
		<truncated>0</truncated>
		<difficult>0</difficult>
		<occluded>0</occluded>
		<bndbox>
			<xmin>198</xmin>
			<xmax>264</xmax>
			<ymin>58</ymin>
			<ymax>151</ymax>
		</bndbox>
	</object>
</annotation>
