<annotation>
	<folder></folder>
	<filename>benign--49-_mask_png.rf.b8964f20529e2be419506cd11e63e456.jpg</filename>
	<path>benign--49-_mask_png.rf.b8964f20529e2be419506cd11e63e456.jpg</path>
	<source>
		<database>roboflow.ai</database>
	</source>
	<size>
		<width>416</width>
		<height>416</height>
		<depth>3</depth>
	</size>
	<segmented>0</segmented>
	<object>
		<name>benign</name>
		<pose>Unspecified</pose>
		<truncated>0</truncated>
		<difficult>0</difficult>
		<occluded>0</occluded>
		<bndbox>
			<xmin>58</xmin>
			<xmax>383</xmax>
			<ymin>35</ymin>
			<ymax>291</ymax>
		</bndbox>
	</object>
</annotation>
