<annotation>
	<folder></folder>
	<filename>benign--17-_png.rf.691f2b1c22c88e14902f2b0ce2940646.jpg</filename>
	<path>benign--17-_png.rf.691f2b1c22c88e14902f2b0ce2940646.jpg</path>
	<source>
		<database>roboflow.ai</database>
	</source>
	<size>
		<width>416</width>
		<height>416</height>
		<depth>3</depth>
	</size>
	<segmented>0</segmented>
	<object>
		<name>benign</name>
		<pose>Unspecified</pose>
		<truncated>0</truncated>
		<difficult>0</difficult>
		<occluded>0</occluded>
		<bndbox>
			<xmin>228</xmin>
			<xmax>327</xmax>
			<ymin>74</ymin>
			<ymax>156</ymax>
		</bndbox>
	</object>
</annotation>
