<annotation>
	<folder></folder>
	<filename>benign--4-_png.rf.bfe12223b400d4c48987caca94b02ab8.jpg</filename>
	<path>benign--4-_png.rf.bfe12223b400d4c48987caca94b02ab8.jpg</path>
	<source>
		<database>roboflow.ai</database>
	</source>
	<size>
		<width>416</width>
		<height>416</height>
		<depth>3</depth>
	</size>
	<segmented>0</segmented>
	<object>
		<name>benign</name>
		<pose>Unspecified</pose>
		<truncated>0</truncated>
		<difficult>0</difficult>
		<occluded>0</occluded>
		<bndbox>
			<xmin>53</xmin>
			<xmax>125</xmax>
			<ymin>89</ymin>
			<ymax>148</ymax>
		</bndbox>
	</object>
</annotation>
