<annotation>
	<folder></folder>
	<filename>benign--18-_mask_png.rf.7f8880905605df9d78389ad9fc385276.jpg</filename>
	<path>benign--18-_mask_png.rf.7f8880905605df9d78389ad9fc385276.jpg</path>
	<source>
		<database>roboflow.ai</database>
	</source>
	<size>
		<width>416</width>
		<height>416</height>
		<depth>3</depth>
	</size>
	<segmented>0</segmented>
	<object>
		<name>benign</name>
		<pose>Unspecified</pose>
		<truncated>0</truncated>
		<difficult>0</difficult>
		<occluded>0</occluded>
		<bndbox>
			<xmin>117</xmin>
			<xmax>362</xmax>
			<ymin>12</ymin>
			<ymax>259</ymax>
		</bndbox>
	</object>
</annotation>
