<annotation>
	<folder></folder>
	<filename>benign--36-_png.rf.0aa979369cf1b09628c1a3f4cb75879e.jpg</filename>
	<path>benign--36-_png.rf.0aa979369cf1b09628c1a3f4cb75879e.jpg</path>
	<source>
		<database>roboflow.ai</database>
	</source>
	<size>
		<width>416</width>
		<height>416</height>
		<depth>3</depth>
	</size>
	<segmented>0</segmented>
	<object>
		<name>benign</name>
		<pose>Unspecified</pose>
		<truncated>0</truncated>
		<difficult>0</difficult>
		<occluded>0</occluded>
		<bndbox>
			<xmin>127</xmin>
			<xmax>301</xmax>
			<ymin>141</ymin>
			<ymax>297</ymax>
		</bndbox>
	</object>
</annotation>
