<annotation>
	<folder></folder>
	<filename>benign--50-_png.rf.db4a819c7d9e3bbb211f2511192ab586.jpg</filename>
	<path>benign--50-_png.rf.db4a819c7d9e3bbb211f2511192ab586.jpg</path>
	<source>
		<database>roboflow.ai</database>
	</source>
	<size>
		<width>416</width>
		<height>416</height>
		<depth>3</depth>
	</size>
	<segmented>0</segmented>
	<object>
		<name>benign</name>
		<pose>Unspecified</pose>
		<truncated>0</truncated>
		<difficult>0</difficult>
		<occluded>0</occluded>
		<bndbox>
			<xmin>80</xmin>
			<xmax>172</xmax>
			<ymin>103</ymin>
			<ymax>199</ymax>
		</bndbox>
	</object>
</annotation>
