<annotation>
	<folder></folder>
	<filename>benign--3-_mask_png.rf.09de43503e1689f36cfee1bdc87d4281.jpg</filename>
	<path>benign--3-_mask_png.rf.09de43503e1689f36cfee1bdc87d4281.jpg</path>
	<source>
		<database>roboflow.ai</database>
	</source>
	<size>
		<width>416</width>
		<height>416</height>
		<depth>3</depth>
	</size>
	<segmented>0</segmented>
	<object>
		<name>benign</name>
		<pose>Unspecified</pose>
		<truncated>0</truncated>
		<difficult>0</difficult>
		<occluded>0</occluded>
		<bndbox>
			<xmin>232</xmin>
			<xmax>347</xmax>
			<ymin>113</ymin>
			<ymax>213</ymax>
		</bndbox>
	</object>
</annotation>
