<annotation>
	<folder></folder>
	<filename>benign--26-_mask_png.rf.b47624d4b502617434d97e12510f102a.jpg</filename>
	<path>benign--26-_mask_png.rf.b47624d4b502617434d97e12510f102a.jpg</path>
	<source>
		<database>roboflow.ai</database>
	</source>
	<size>
		<width>416</width>
		<height>416</height>
		<depth>3</depth>
	</size>
	<segmented>0</segmented>
	<object>
		<name>benign</name>
		<pose>Unspecified</pose>
		<truncated>0</truncated>
		<difficult>0</difficult>
		<occluded>0</occluded>
		<bndbox>
			<xmin>31</xmin>
			<xmax>262</xmax>
			<ymin>54</ymin>
			<ymax>228</ymax>
		</bndbox>
	</object>
</annotation>
