<annotation>
	<folder></folder>
	<filename>benign--21-_png.rf.653f396714b9a9d7633095f5330fc2cc.jpg</filename>
	<path>benign--21-_png.rf.653f396714b9a9d7633095f5330fc2cc.jpg</path>
	<source>
		<database>roboflow.ai</database>
	</source>
	<size>
		<width>416</width>
		<height>416</height>
		<depth>3</depth>
	</size>
	<segmented>0</segmented>
	<object>
		<name>benign</name>
		<pose>Unspecified</pose>
		<truncated>0</truncated>
		<difficult>0</difficult>
		<occluded>0</occluded>
		<bndbox>
			<xmin>188</xmin>
			<xmax>262</xmax>
			<ymin>98</ymin>
			<ymax>165</ymax>
		</bndbox>
	</object>
</annotation>
