<annotation>
	<folder></folder>
	<filename>benign--42-_png.rf.34344593fd743b37167e44f9e1a02bcb.jpg</filename>
	<path>benign--42-_png.rf.34344593fd743b37167e44f9e1a02bcb.jpg</path>
	<source>
		<database>roboflow.ai</database>
	</source>
	<size>
		<width>416</width>
		<height>416</height>
		<depth>3</depth>
	</size>
	<segmented>0</segmented>
	<object>
		<name>benign</name>
		<pose>Unspecified</pose>
		<truncated>0</truncated>
		<difficult>0</difficult>
		<occluded>0</occluded>
		<bndbox>
			<xmin>52</xmin>
			<xmax>206</xmax>
			<ymin>46</ymin>
			<ymax>146</ymax>
		</bndbox>
	</object>
</annotation>
