<annotation>
	<folder></folder>
	<filename>benign--11-_mask_png.rf.51e926eef34b4a13ef4adb79a9a7711f.jpg</filename>
	<path>benign--11-_mask_png.rf.51e926eef34b4a13ef4adb79a9a7711f.jpg</path>
	<source>
		<database>roboflow.ai</database>
	</source>
	<size>
		<width>416</width>
		<height>416</height>
		<depth>3</depth>
	</size>
	<segmented>0</segmented>
	<object>
		<name>benign</name>
		<pose>Unspecified</pose>
		<truncated>0</truncated>
		<difficult>0</difficult>
		<occluded>0</occluded>
		<bndbox>
			<xmin>217</xmin>
			<xmax>276</xmax>
			<ymin>80</ymin>
			<ymax>130</ymax>
		</bndbox>
	</object>
</annotation>
