<annotation>
	<folder></folder>
	<filename>benign--15-_mask_png.rf.caed12b5996cbfd019c198d75cca7859.jpg</filename>
	<path>benign--15-_mask_png.rf.caed12b5996cbfd019c198d75cca7859.jpg</path>
	<source>
		<database>roboflow.ai</database>
	</source>
	<size>
		<width>416</width>
		<height>416</height>
		<depth>3</depth>
	</size>
	<segmented>0</segmented>
	<object>
		<name>benign</name>
		<pose>Unspecified</pose>
		<truncated>0</truncated>
		<difficult>0</difficult>
		<occluded>0</occluded>
		<bndbox>
			<xmin>129</xmin>
			<xmax>182</xmax>
			<ymin>93</ymin>
			<ymax>162</ymax>
		</bndbox>
	</object>
</annotation>
