<annotation>
	<folder></folder>
	<filename>benign--22-_mask_png.rf.f63d415cf3e4137efab47a0c0f8e05cc.jpg</filename>
	<path>benign--22-_mask_png.rf.f63d415cf3e4137efab47a0c0f8e05cc.jpg</path>
	<source>
		<database>roboflow.ai</database>
	</source>
	<size>
		<width>416</width>
		<height>416</height>
		<depth>3</depth>
	</size>
	<segmented>0</segmented>
	<object>
		<name>benign</name>
		<pose>Unspecified</pose>
		<truncated>0</truncated>
		<difficult>0</difficult>
		<occluded>0</occluded>
		<bndbox>
			<xmin>119</xmin>
			<xmax>249</xmax>
			<ymin>150</ymin>
			<ymax>286</ymax>
		</bndbox>
	</object>
</annotation>
