<annotation>
	<folder></folder>
	<filename>benign--14-_png.rf.62debd3491a733247c025d69480ed1f0.jpg</filename>
	<path>benign--14-_png.rf.62debd3491a733247c025d69480ed1f0.jpg</path>
	<source>
		<database>roboflow.ai</database>
	</source>
	<size>
		<width>416</width>
		<height>416</height>
		<depth>3</depth>
	</size>
	<segmented>0</segmented>
	<object>
		<name>benign</name>
		<pose>Unspecified</pose>
		<truncated>0</truncated>
		<difficult>0</difficult>
		<occluded>0</occluded>
		<bndbox>
			<xmin>303</xmin>
			<xmax>382</xmax>
			<ymin>108</ymin>
			<ymax>164</ymax>
		</bndbox>
	</object>
</annotation>
