<annotation>
	<folder></folder>
	<filename>benign--26-_png.rf.4388cafd996267d557bdff0b646f8837.jpg</filename>
	<path>benign--26-_png.rf.4388cafd996267d557bdff0b646f8837.jpg</path>
	<source>
		<database>roboflow.ai</database>
	</source>
	<size>
		<width>416</width>
		<height>416</height>
		<depth>3</depth>
	</size>
	<segmented>0</segmented>
	<object>
		<name>benign</name>
		<pose>Unspecified</pose>
		<truncated>0</truncated>
		<difficult>0</difficult>
		<occluded>0</occluded>
		<bndbox>
			<xmin>38</xmin>
			<xmax>251</xmax>
			<ymin>67</ymin>
			<ymax>220</ymax>
		</bndbox>
	</object>
</annotation>
