<annotation>
	<folder></folder>
	<filename>benign--15-_png.rf.09c0c6a83a7c0b125a846e99067c56ce.jpg</filename>
	<path>benign--15-_png.rf.09c0c6a83a7c0b125a846e99067c56ce.jpg</path>
	<source>
		<database>roboflow.ai</database>
	</source>
	<size>
		<width>416</width>
		<height>416</height>
		<depth>3</depth>
	</size>
	<segmented>0</segmented>
	<object>
		<name>benign</name>
		<pose>Unspecified</pose>
		<truncated>0</truncated>
		<difficult>0</difficult>
		<occluded>0</occluded>
		<bndbox>
			<xmin>123</xmin>
			<xmax>184</xmax>
			<ymin>91</ymin>
			<ymax>162</ymax>
		</bndbox>
	</object>
</annotation>
