<annotation>
	<folder></folder>
	<filename>benign--42-_mask_png.rf.dcf24a0a76afa50a4a77d2574be95076.jpg</filename>
	<path>benign--42-_mask_png.rf.dcf24a0a76afa50a4a77d2574be95076.jpg</path>
	<source>
		<database>roboflow.ai</database>
	</source>
	<size>
		<width>416</width>
		<height>416</height>
		<depth>3</depth>
	</size>
	<segmented>0</segmented>
	<object>
		<name>benign</name>
		<pose>Unspecified</pose>
		<truncated>0</truncated>
		<difficult>0</difficult>
		<occluded>0</occluded>
		<bndbox>
			<xmin>50</xmin>
			<xmax>214</xmax>
			<ymin>38</ymin>
			<ymax>161</ymax>
		</bndbox>
	</object>
</annotation>
