<annotation>
	<folder></folder>
	<filename>benign--21-_mask_png.rf.83d7a8881b28921ee84c6553c40caf85.jpg</filename>
	<path>benign--21-_mask_png.rf.83d7a8881b28921ee84c6553c40caf85.jpg</path>
	<source>
		<database>roboflow.ai</database>
	</source>
	<size>
		<width>416</width>
		<height>416</height>
		<depth>3</depth>
	</size>
	<segmented>0</segmented>
	<object>
		<name>benign</name>
		<pose>Unspecified</pose>
		<truncated>0</truncated>
		<difficult>0</difficult>
		<occluded>0</occluded>
		<bndbox>
			<xmin>196</xmin>
			<xmax>262</xmax>
			<ymin>106</ymin>
			<ymax>165</ymax>
		</bndbox>
	</object>
</annotation>
