<annotation>
	<folder></folder>
	<filename>benign--22-_png.rf.85358dbffc2567b487cff15a3649e83e.jpg</filename>
	<path>benign--22-_png.rf.85358dbffc2567b487cff15a3649e83e.jpg</path>
	<source>
		<database>roboflow.ai</database>
	</source>
	<size>
		<width>416</width>
		<height>416</height>
		<depth>3</depth>
	</size>
	<segmented>0</segmented>
	<object>
		<name>benign</name>
		<pose>Unspecified</pose>
		<truncated>0</truncated>
		<difficult>0</difficult>
		<occluded>0</occluded>
		<bndbox>
			<xmin>114</xmin>
			<xmax>266</xmax>
			<ymin>158</ymin>
			<ymax>284</ymax>
		</bndbox>
	</object>
</annotation>
