<annotation>
	<folder></folder>
	<filename>benign--16-_png.rf.1fa4f3bc4741f4265ce00edc3739f55d.jpg</filename>
	<path>benign--16-_png.rf.1fa4f3bc4741f4265ce00edc3739f55d.jpg</path>
	<source>
		<database>roboflow.ai</database>
	</source>
	<size>
		<width>416</width>
		<height>416</height>
		<depth>3</depth>
	</size>
	<segmented>0</segmented>
	<object>
		<name>benign</name>
		<pose>Unspecified</pose>
		<truncated>0</truncated>
		<difficult>0</difficult>
		<occluded>0</occluded>
		<bndbox>
			<xmin>241</xmin>
			<xmax>298</xmax>
			<ymin>104</ymin>
			<ymax>172</ymax>
		</bndbox>
	</object>
</annotation>
