<annotation>
	<folder></folder>
	<filename>benign--9-_mask_png.rf.f9715b7e7db0a74802cbf3c71df1dc55.jpg</filename>
	<path>benign--9-_mask_png.rf.f9715b7e7db0a74802cbf3c71df1dc55.jpg</path>
	<source>
		<database>roboflow.ai</database>
	</source>
	<size>
		<width>416</width>
		<height>416</height>
		<depth>3</depth>
	</size>
	<segmented>0</segmented>
	<object>
		<name>benign</name>
		<pose>Unspecified</pose>
		<truncated>0</truncated>
		<difficult>0</difficult>
		<occluded>0</occluded>
		<bndbox>
			<xmin>56</xmin>
			<xmax>254</xmax>
			<ymin>47</ymin>
			<ymax>232</ymax>
		</bndbox>
	</object>
</annotation>
