<annotation>
	<folder></folder>
	<filename>benign--25-_mask_1_png.rf.a0b2d98be0579d7a8f3d5c273ba1ede5.jpg</filename>
	<path>benign--25-_mask_1_png.rf.a0b2d98be0579d7a8f3d5c273ba1ede5.jpg</path>
	<source>
		<database>roboflow.ai</database>
	</source>
	<size>
		<width>416</width>
		<height>416</height>
		<depth>3</depth>
	</size>
	<segmented>0</segmented>
	<object>
		<name>benign</name>
		<pose>Unspecified</pose>
		<truncated>0</truncated>
		<difficult>0</difficult>
		<occluded>0</occluded>
		<bndbox>
			<xmin>214</xmin>
			<xmax>256</xmax>
			<ymin>69</ymin>
			<ymax>124</ymax>
		</bndbox>
	</object>
</annotation>
