<annotation>
	<folder></folder>
	<filename>benign--46-_mask_png.rf.70e5f441a19a24d3f067715988c7c42d.jpg</filename>
	<path>benign--46-_mask_png.rf.70e5f441a19a24d3f067715988c7c42d.jpg</path>
	<source>
		<database>roboflow.ai</database>
	</source>
	<size>
		<width>416</width>
		<height>416</height>
		<depth>3</depth>
	</size>
	<segmented>0</segmented>
	<object>
		<name>benign</name>
		<pose>Unspecified</pose>
		<truncated>0</truncated>
		<difficult>0</difficult>
		<occluded>0</occluded>
		<bndbox>
			<xmin>160</xmin>
			<xmax>226</xmax>
			<ymin>89</ymin>
			<ymax>164</ymax>
		</bndbox>
	</object>
</annotation>
