<annotation>
	<folder></folder>
	<filename>benign--19-_png.rf.aab66467bfae681782df039a06563fe3.jpg</filename>
	<path>benign--19-_png.rf.aab66467bfae681782df039a06563fe3.jpg</path>
	<source>
		<database>roboflow.ai</database>
	</source>
	<size>
		<width>416</width>
		<height>416</height>
		<depth>3</depth>
	</size>
	<segmented>0</segmented>
	<object>
		<name>benign</name>
		<pose>Unspecified</pose>
		<truncated>0</truncated>
		<difficult>0</difficult>
		<occluded>0</occluded>
		<bndbox>
			<xmin>245</xmin>
			<xmax>303</xmax>
			<ymin>131</ymin>
			<ymax>202</ymax>
		</bndbox>
	</object>
</annotation>
