<annotation>
	<folder></folder>
	<filename>benign--23-_mask_png.rf.9455d7282b133d61b4b4da9cccbf6e77.jpg</filename>
	<path>benign--23-_mask_png.rf.9455d7282b133d61b4b4da9cccbf6e77.jpg</path>
	<source>
		<database>roboflow.ai</database>
	</source>
	<size>
		<width>416</width>
		<height>416</height>
		<depth>3</depth>
	</size>
	<segmented>0</segmented>
	<object>
		<name>benign</name>
		<pose>Unspecified</pose>
		<truncated>0</truncated>
		<difficult>0</difficult>
		<occluded>0</occluded>
		<bndbox>
			<xmin>177</xmin>
			<xmax>294</xmax>
			<ymin>163</ymin>
			<ymax>277</ymax>
		</bndbox>
	</object>
</annotation>
