<annotation>
	<folder></folder>
	<filename>benign--19-_mask_png.rf.936e61ef40c09c9701c83041ec4ae113.jpg</filename>
	<path>benign--19-_mask_png.rf.936e61ef40c09c9701c83041ec4ae113.jpg</path>
	<source>
		<database>roboflow.ai</database>
	</source>
	<size>
		<width>416</width>
		<height>416</height>
		<depth>3</depth>
	</size>
	<segmented>0</segmented>
	<object>
		<name>benign</name>
		<pose>Unspecified</pose>
		<truncated>0</truncated>
		<difficult>0</difficult>
		<occluded>0</occluded>
		<bndbox>
			<xmin>244</xmin>
			<xmax>298</xmax>
			<ymin>134</ymin>
			<ymax>199</ymax>
		</bndbox>
	</object>
</annotation>
