<annotation>
	<folder></folder>
	<filename>benign--17-_mask_png.rf.875f00cd0bcfa322f4638343aa3184e6.jpg</filename>
	<path>benign--17-_mask_png.rf.875f00cd0bcfa322f4638343aa3184e6.jpg</path>
	<source>
		<database>roboflow.ai</database>
	</source>
	<size>
		<width>416</width>
		<height>416</height>
		<depth>3</depth>
	</size>
	<segmented>0</segmented>
	<object>
		<name>benign</name>
		<pose>Unspecified</pose>
		<truncated>0</truncated>
		<difficult>0</difficult>
		<occluded>0</occluded>
		<bndbox>
			<xmin>225</xmin>
			<xmax>318</xmax>
			<ymin>85</ymin>
			<ymax>161</ymax>
		</bndbox>
	</object>
</annotation>
