<annotation>
	<folder></folder>
	<filename>benign--31-_png.rf.c0cf2bb157c06646510414c1edd373fc.jpg</filename>
	<path>benign--31-_png.rf.c0cf2bb157c06646510414c1edd373fc.jpg</path>
	<source>
		<database>roboflow.ai</database>
	</source>
	<size>
		<width>416</width>
		<height>416</height>
		<depth>3</depth>
	</size>
	<segmented>0</segmented>
	<object>
		<name>benign</name>
		<pose>Unspecified</pose>
		<truncated>0</truncated>
		<difficult>0</difficult>
		<occluded>0</occluded>
		<bndbox>
			<xmin>109</xmin>
			<xmax>173</xmax>
			<ymin>36</ymin>
			<ymax>97</ymax>
		</bndbox>
	</object>
</annotation>
