<annotation>
	<folder></folder>
	<filename>benign--6-_png.rf.76282a8bdc7c4280f271f87e7b148f8f.jpg</filename>
	<path>benign--6-_png.rf.76282a8bdc7c4280f271f87e7b148f8f.jpg</path>
	<source>
		<database>roboflow.ai</database>
	</source>
	<size>
		<width>416</width>
		<height>416</height>
		<depth>3</depth>
	</size>
	<segmented>0</segmented>
	<object>
		<name>benign</name>
		<pose>Unspecified</pose>
		<truncated>0</truncated>
		<difficult>0</difficult>
		<occluded>0</occluded>
		<bndbox>
			<xmin>223</xmin>
			<xmax>336</xmax>
			<ymin>65</ymin>
			<ymax>164</ymax>
		</bndbox>
	</object>
</annotation>
