<annotation>
	<folder></folder>
	<filename>benign--29-_png.rf.a19a6c9a3e5a99ac551f7863ddcb9483.jpg</filename>
	<path>benign--29-_png.rf.a19a6c9a3e5a99ac551f7863ddcb9483.jpg</path>
	<source>
		<database>roboflow.ai</database>
	</source>
	<size>
		<width>416</width>
		<height>416</height>
		<depth>3</depth>
	</size>
	<segmented>0</segmented>
	<object>
		<name>benign</name>
		<pose>Unspecified</pose>
		<truncated>0</truncated>
		<difficult>0</difficult>
		<occluded>0</occluded>
		<bndbox>
			<xmin>66</xmin>
			<xmax>120</xmax>
			<ymin>105</ymin>
			<ymax>161</ymax>
		</bndbox>
	</object>
</annotation>
