<annotation>
	<folder></folder>
	<filename>benign--39-_mask_png.rf.ddf9ee680a0ff052481fd4e4ebd7e868.jpg</filename>
	<path>benign--39-_mask_png.rf.ddf9ee680a0ff052481fd4e4ebd7e868.jpg</path>
	<source>
		<database>roboflow.ai</database>
	</source>
	<size>
		<width>416</width>
		<height>416</height>
		<depth>3</depth>
	</size>
	<segmented>0</segmented>
	<object>
		<name>benign</name>
		<pose>Unspecified</pose>
		<truncated>0</truncated>
		<difficult>0</difficult>
		<occluded>0</occluded>
		<bndbox>
			<xmin>93</xmin>
			<xmax>183</xmax>
			<ymin>142</ymin>
			<ymax>241</ymax>
		</bndbox>
	</object>
</annotation>
