<annotation>
	<folder></folder>
	<filename>benign--32-_mask_png.rf.e494c7d64df0cb6657c7ef68bc18fb90.jpg</filename>
	<path>benign--32-_mask_png.rf.e494c7d64df0cb6657c7ef68bc18fb90.jpg</path>
	<source>
		<database>roboflow.ai</database>
	</source>
	<size>
		<width>416</width>
		<height>416</height>
		<depth>3</depth>
	</size>
	<segmented>0</segmented>
	<object>
		<name>benign</name>
		<pose>Unspecified</pose>
		<truncated>0</truncated>
		<difficult>0</difficult>
		<occluded>0</occluded>
		<bndbox>
			<xmin>2</xmin>
			<xmax>320</xmax>
			<ymin>80</ymin>
			<ymax>185</ymax>
		</bndbox>
	</object>
</annotation>
