<annotation>
	<folder></folder>
	<filename>benign--10-_mask_png.rf.003728c5a352be9597e22a16aa7dba1b.jpg</filename>
	<path>benign--10-_mask_png.rf.003728c5a352be9597e22a16aa7dba1b.jpg</path>
	<source>
		<database>roboflow.ai</database>
	</source>
	<size>
		<width>416</width>
		<height>416</height>
		<depth>3</depth>
	</size>
	<segmented>0</segmented>
	<object>
		<name>benign</name>
		<pose>Unspecified</pose>
		<truncated>0</truncated>
		<difficult>0</difficult>
		<occluded>0</occluded>
		<bndbox>
			<xmin>9</xmin>
			<xmax>156</xmax>
			<ymin>36</ymin>
			<ymax>210</ymax>
		</bndbox>
	</object>
</annotation>
