<annotation>
	<folder></folder>
	<filename>benign--32-_png.rf.6b3759905070fcd47a950c71637babd8.jpg</filename>
	<path>benign--32-_png.rf.6b3759905070fcd47a950c71637babd8.jpg</path>
	<source>
		<database>roboflow.ai</database>
	</source>
	<size>
		<width>416</width>
		<height>416</height>
		<depth>3</depth>
	</size>
	<segmented>0</segmented>
	<object>
		<name>benign</name>
		<pose>Unspecified</pose>
		<truncated>0</truncated>
		<difficult>0</difficult>
		<occluded>0</occluded>
		<bndbox>
			<xmin>2</xmin>
			<xmax>287</xmax>
			<ymin>74</ymin>
			<ymax>194</ymax>
		</bndbox>
	</object>
</annotation>
