<annotation>
	<folder></folder>
	<filename>benign--43-_mask_png.rf.1c41098a254319d8497c6ff72f5858df.jpg</filename>
	<path>benign--43-_mask_png.rf.1c41098a254319d8497c6ff72f5858df.jpg</path>
	<source>
		<database>roboflow.ai</database>
	</source>
	<size>
		<width>416</width>
		<height>416</height>
		<depth>3</depth>
	</size>
	<segmented>0</segmented>
	<object>
		<name>benign</name>
		<pose>Unspecified</pose>
		<truncated>0</truncated>
		<difficult>0</difficult>
		<occluded>0</occluded>
		<bndbox>
			<xmin>212</xmin>
			<xmax>262</xmax>
			<ymin>52</ymin>
			<ymax>111</ymax>
		</bndbox>
	</object>
</annotation>
