<annotation>
	<folder></folder>
	<filename>benign--23-_png.rf.6b6df2e108e88236614c81c357a58e08.jpg</filename>
	<path>benign--23-_png.rf.6b6df2e108e88236614c81c357a58e08.jpg</path>
	<source>
		<database>roboflow.ai</database>
	</source>
	<size>
		<width>416</width>
		<height>416</height>
		<depth>3</depth>
	</size>
	<segmented>0</segmented>
	<object>
		<name>benign</name>
		<pose>Unspecified</pose>
		<truncated>0</truncated>
		<difficult>0</difficult>
		<occluded>0</occluded>
		<bndbox>
			<xmin>179</xmin>
			<xmax>287</xmax>
			<ymin>177</ymin>
			<ymax>277</ymax>
		</bndbox>
	</object>
</annotation>
