<annotation>
	<folder></folder>
	<filename>malignant--1-_png.rf.4f1ffaed88e31e3c2ab8df753896ea26.jpg</filename>
	<path>malignant--1-_png.rf.4f1ffaed88e31e3c2ab8df753896ea26.jpg</path>
	<source>
		<database>roboflow.ai</database>
	</source>
	<size>
		<width>416</width>
		<height>416</height>
		<depth>3</depth>
	</size>
	<segmented>0</segmented>
	<object>
		<name>malignant</name>
		<pose>Unspecified</pose>
		<truncated>0</truncated>
		<difficult>0</difficult>
		<occluded>0</occluded>
		<bndbox>
			<xmin>1</xmin>
			<xmax>416</xmax>
			<ymin>85</ymin>
			<ymax>286</ymax>
		</bndbox>
	</object>
</annotation>
