<annotation>
	<folder></folder>
	<filename>malignant--30-_png.rf.43211c2a41099c03d97b8464bd516d0e.jpg</filename>
	<path>malignant--30-_png.rf.43211c2a41099c03d97b8464bd516d0e.jpg</path>
	<source>
		<database>roboflow.ai</database>
	</source>
	<size>
		<width>416</width>
		<height>416</height>
		<depth>3</depth>
	</size>
	<segmented>0</segmented>
	<object>
		<name>malignant</name>
		<pose>Unspecified</pose>
		<truncated>0</truncated>
		<difficult>0</difficult>
		<occluded>0</occluded>
		<bndbox>
			<xmin>64</xmin>
			<xmax>290</xmax>
			<ymin>19</ymin>
			<ymax>320</ymax>
		</bndbox>
	</object>
</annotation>
