<annotation>
	<folder></folder>
	<filename>malignant--14-_png.rf.6191f42c9c8909c3a1fb20b0911f0888.jpg</filename>
	<path>malignant--14-_png.rf.6191f42c9c8909c3a1fb20b0911f0888.jpg</path>
	<source>
		<database>roboflow.ai</database>
	</source>
	<size>
		<width>416</width>
		<height>416</height>
		<depth>3</depth>
	</size>
	<segmented>0</segmented>
	<object>
		<name>malignant</name>
		<pose>Unspecified</pose>
		<truncated>0</truncated>
		<difficult>0</difficult>
		<occluded>0</occluded>
		<bndbox>
			<xmin>18</xmin>
			<xmax>313</xmax>
			<ymin>47</ymin>
			<ymax>235</ymax>
		</bndbox>
	</object>
</annotation>
