<annotation>
	<folder></folder>
	<filename>malignant--2-_mask_png.rf.105c4014f8298ffbc587da0245f46be1.jpg</filename>
	<path>malignant--2-_mask_png.rf.105c4014f8298ffbc587da0245f46be1.jpg</path>
	<source>
		<database>roboflow.ai</database>
	</source>
	<size>
		<width>416</width>
		<height>416</height>
		<depth>3</depth>
	</size>
	<segmented>0</segmented>
	<object>
		<name>malignant</name>
		<pose>Unspecified</pose>
		<truncated>0</truncated>
		<difficult>0</difficult>
		<occluded>0</occluded>
		<bndbox>
			<xmin>96</xmin>
			<xmax>416</xmax>
			<ymin>35</ymin>
			<ymax>332</ymax>
		</bndbox>
	</object>
</annotation>
