<annotation>
	<folder></folder>
	<filename>malignant--25-_png.rf.adf6651774b4a0b2688889ae777b264a.jpg</filename>
	<path>malignant--25-_png.rf.adf6651774b4a0b2688889ae777b264a.jpg</path>
	<source>
		<database>roboflow.ai</database>
	</source>
	<size>
		<width>416</width>
		<height>416</height>
		<depth>3</depth>
	</size>
	<segmented>0</segmented>
	<object>
		<name>malignant</name>
		<pose>Unspecified</pose>
		<truncated>0</truncated>
		<difficult>0</difficult>
		<occluded>0</occluded>
		<bndbox>
			<xmin>45</xmin>
			<xmax>307</xmax>
			<ymin>31</ymin>
			<ymax>344</ymax>
		</bndbox>
	</object>
</annotation>
