<annotation>
	<folder></folder>
	<filename>malignant--20-_mask_png.rf.6bc79c44c62d0883e717c45f0a7ed10d.jpg</filename>
	<path>malignant--20-_mask_png.rf.6bc79c44c62d0883e717c45f0a7ed10d.jpg</path>
	<source>
		<database>roboflow.ai</database>
	</source>
	<size>
		<width>416</width>
		<height>416</height>
		<depth>3</depth>
	</size>
	<segmented>0</segmented>
	<object>
		<name>malignant</name>
		<pose>Unspecified</pose>
		<truncated>0</truncated>
		<difficult>0</difficult>
		<occluded>0</occluded>
		<bndbox>
			<xmin>49</xmin>
			<xmax>312</xmax>
			<ymin>88</ymin>
			<ymax>318</ymax>
		</bndbox>
	</object>
</annotation>
