<annotation>
	<folder></folder>
	<filename>malignant--32-_mask_png.rf.f563e97924fbfce75955faba9ef77b34.jpg</filename>
	<path>malignant--32-_mask_png.rf.f563e97924fbfce75955faba9ef77b34.jpg</path>
	<source>
		<database>roboflow.ai</database>
	</source>
	<size>
		<width>416</width>
		<height>416</height>
		<depth>3</depth>
	</size>
	<segmented>0</segmented>
	<object>
		<name>malignant</name>
		<pose>Unspecified</pose>
		<truncated>0</truncated>
		<difficult>0</difficult>
		<occluded>0</occluded>
		<bndbox>
			<xmin>105</xmin>
			<xmax>303</xmax>
			<ymin>48</ymin>
			<ymax>384</ymax>
		</bndbox>
	</object>
</annotation>
