<annotation>
	<folder></folder>
	<filename>malignant--15-_mask_png.rf.199a70be7557b0dd6b67e9135e90fd98.jpg</filename>
	<path>malignant--15-_mask_png.rf.199a70be7557b0dd6b67e9135e90fd98.jpg</path>
	<source>
		<database>roboflow.ai</database>
	</source>
	<size>
		<width>416</width>
		<height>416</height>
		<depth>3</depth>
	</size>
	<segmented>0</segmented>
	<object>
		<name>malignant</name>
		<pose>Unspecified</pose>
		<truncated>0</truncated>
		<difficult>0</difficult>
		<occluded>0</occluded>
		<bndbox>
			<xmin>21</xmin>
			<xmax>368</xmax>
			<ymin>86</ymin>
			<ymax>297</ymax>
		</bndbox>
	</object>
</annotation>
