<annotation>
	<folder></folder>
	<filename>malignant--37-_mask_png.rf.0bc06a7bf3b3f39d188faa4d55eba004.jpg</filename>
	<path>malignant--37-_mask_png.rf.0bc06a7bf3b3f39d188faa4d55eba004.jpg</path>
	<source>
		<database>roboflow.ai</database>
	</source>
	<size>
		<width>416</width>
		<height>416</height>
		<depth>3</depth>
	</size>
	<segmented>0</segmented>
	<object>
		<name>malignant</name>
		<pose>Unspecified</pose>
		<truncated>0</truncated>
		<difficult>0</difficult>
		<occluded>0</occluded>
		<bndbox>
			<xmin>56</xmin>
			<xmax>289</xmax>
			<ymin>1</ymin>
			<ymax>256</ymax>
		</bndbox>
	</object>
</annotation>
