<annotation>
	<folder></folder>
	<filename>malignant--17-_png.rf.c2a7651ccfe6c78a91d5f5a411e78acd.jpg</filename>
	<path>malignant--17-_png.rf.c2a7651ccfe6c78a91d5f5a411e78acd.jpg</path>
	<source>
		<database>roboflow.ai</database>
	</source>
	<size>
		<width>416</width>
		<height>416</height>
		<depth>3</depth>
	</size>
	<segmented>0</segmented>
	<object>
		<name>malignant</name>
		<pose>Unspecified</pose>
		<truncated>0</truncated>
		<difficult>0</difficult>
		<occluded>0</occluded>
		<bndbox>
			<xmin>132</xmin>
			<xmax>276</xmax>
			<ymin>63</ymin>
			<ymax>205</ymax>
		</bndbox>
	</object>
</annotation>
