<annotation>
	<folder></folder>
	<filename>malignant--7-_mask_png.rf.4d92a540894d0e0e3f542198cef35362.jpg</filename>
	<path>malignant--7-_mask_png.rf.4d92a540894d0e0e3f542198cef35362.jpg</path>
	<source>
		<database>roboflow.ai</database>
	</source>
	<size>
		<width>416</width>
		<height>416</height>
		<depth>3</depth>
	</size>
	<segmented>0</segmented>
	<object>
		<name>malignant</name>
		<pose>Unspecified</pose>
		<truncated>0</truncated>
		<difficult>0</difficult>
		<occluded>0</occluded>
		<bndbox>
			<xmin>51</xmin>
			<xmax>219</xmax>
			<ymin>144</ymin>
			<ymax>261</ymax>
		</bndbox>
	</object>
</annotation>
