<annotation>
	<folder></folder>
	<filename>malignant--46-_png.rf.acb518db89868f4844538407c6c07ace.jpg</filename>
	<path>malignant--46-_png.rf.acb518db89868f4844538407c6c07ace.jpg</path>
	<source>
		<database>roboflow.ai</database>
	</source>
	<size>
		<width>416</width>
		<height>416</height>
		<depth>3</depth>
	</size>
	<segmented>0</segmented>
	<object>
		<name>malignant</name>
		<pose>Unspecified</pose>
		<truncated>0</truncated>
		<difficult>0</difficult>
		<occluded>0</occluded>
		<bndbox>
			<xmin>148</xmin>
			<xmax>262</xmax>
			<ymin>37</ymin>
			<ymax>185</ymax>
		</bndbox>
	</object>
</annotation>
