<annotation>
	<folder></folder>
	<filename>malignant--40-_mask_png.rf.1caf5a1415d25de9dcc951e90cbadf67.jpg</filename>
	<path>malignant--40-_mask_png.rf.1caf5a1415d25de9dcc951e90cbadf67.jpg</path>
	<source>
		<database>roboflow.ai</database>
	</source>
	<size>
		<width>416</width>
		<height>416</height>
		<depth>3</depth>
	</size>
	<segmented>0</segmented>
	<object>
		<name>malignant</name>
		<pose>Unspecified</pose>
		<truncated>0</truncated>
		<difficult>0</difficult>
		<occluded>0</occluded>
		<bndbox>
			<xmin>110</xmin>
			<xmax>332</xmax>
			<ymin>60</ymin>
			<ymax>259</ymax>
		</bndbox>
	</object>
</annotation>
