<annotation>
	<folder></folder>
	<filename>malignant--24-_mask_png.rf.5fe521fdf5018c3e0896d90d9c2d3b97.jpg</filename>
	<path>malignant--24-_mask_png.rf.5fe521fdf5018c3e0896d90d9c2d3b97.jpg</path>
	<source>
		<database>roboflow.ai</database>
	</source>
	<size>
		<width>416</width>
		<height>416</height>
		<depth>3</depth>
	</size>
	<segmented>0</segmented>
	<object>
		<name>malignant</name>
		<pose>Unspecified</pose>
		<truncated>0</truncated>
		<difficult>0</difficult>
		<occluded>0</occluded>
		<bndbox>
			<xmin>71</xmin>
			<xmax>345</xmax>
			<ymin>71</ymin>
			<ymax>343</ymax>
		</bndbox>
	</object>
</annotation>
