<annotation>
	<folder></folder>
	<filename>malignant--12-_png.rf.8ed61d42f216218a5b4cb1a8cda58234.jpg</filename>
	<path>malignant--12-_png.rf.8ed61d42f216218a5b4cb1a8cda58234.jpg</path>
	<source>
		<database>roboflow.ai</database>
	</source>
	<size>
		<width>416</width>
		<height>416</height>
		<depth>3</depth>
	</size>
	<segmented>0</segmented>
	<object>
		<name>malignant</name>
		<pose>Unspecified</pose>
		<truncated>0</truncated>
		<difficult>0</difficult>
		<occluded>0</occluded>
		<bndbox>
			<xmin>152</xmin>
			<xmax>260</xmax>
			<ymin>199</ymin>
			<ymax>294</ymax>
		</bndbox>
	</object>
</annotation>
