<annotation>
	<folder></folder>
	<filename>malignant--50-_png.rf.61d866e6e02ed4adeebd7fe85ec5749f.jpg</filename>
	<path>malignant--50-_png.rf.61d866e6e02ed4adeebd7fe85ec5749f.jpg</path>
	<source>
		<database>roboflow.ai</database>
	</source>
	<size>
		<width>416</width>
		<height>416</height>
		<depth>3</depth>
	</size>
	<segmented>0</segmented>
	<object>
		<name>malignant</name>
		<pose>Unspecified</pose>
		<truncated>0</truncated>
		<difficult>0</difficult>
		<occluded>0</occluded>
		<bndbox>
			<xmin>141</xmin>
			<xmax>299</xmax>
			<ymin>23</ymin>
			<ymax>203</ymax>
		</bndbox>
	</object>
</annotation>
