<annotation>
	<folder></folder>
	<filename>malignant--12-_mask_png.rf.f3d7c4f7b916e91aa4923051d34907b7.jpg</filename>
	<path>malignant--12-_mask_png.rf.f3d7c4f7b916e91aa4923051d34907b7.jpg</path>
	<source>
		<database>roboflow.ai</database>
	</source>
	<size>
		<width>416</width>
		<height>416</height>
		<depth>3</depth>
	</size>
	<segmented>0</segmented>
	<object>
		<name>malignant</name>
		<pose>Unspecified</pose>
		<truncated>0</truncated>
		<difficult>0</difficult>
		<occluded>0</occluded>
		<bndbox>
			<xmin>150</xmin>
			<xmax>266</xmax>
			<ymin>199</ymin>
			<ymax>286</ymax>
		</bndbox>
	</object>
</annotation>
