<annotation>
	<folder></folder>
	<filename>malignant--23-_png.rf.32aee8c8a3d9cf5b0cf7848695a5090d.jpg</filename>
	<path>malignant--23-_png.rf.32aee8c8a3d9cf5b0cf7848695a5090d.jpg</path>
	<source>
		<database>roboflow.ai</database>
	</source>
	<size>
		<width>416</width>
		<height>416</height>
		<depth>3</depth>
	</size>
	<segmented>0</segmented>
	<object>
		<name>malignant</name>
		<pose>Unspecified</pose>
		<truncated>0</truncated>
		<difficult>0</difficult>
		<occluded>0</occluded>
		<bndbox>
			<xmin>28</xmin>
			<xmax>358</xmax>
			<ymin>110</ymin>
			<ymax>345</ymax>
		</bndbox>
	</object>
</annotation>
