<annotation>
	<folder></folder>
	<filename>malignant--36-_png.rf.4cec0785ea10a8cb6440f74ede22c1ac.jpg</filename>
	<path>malignant--36-_png.rf.4cec0785ea10a8cb6440f74ede22c1ac.jpg</path>
	<source>
		<database>roboflow.ai</database>
	</source>
	<size>
		<width>416</width>
		<height>416</height>
		<depth>3</depth>
	</size>
	<segmented>0</segmented>
	<object>
		<name>malignant</name>
		<pose>Unspecified</pose>
		<truncated>0</truncated>
		<difficult>0</difficult>
		<occluded>0</occluded>
		<bndbox>
			<xmin>111</xmin>
			<xmax>285</xmax>
			<ymin>53</ymin>
			<ymax>198</ymax>
		</bndbox>
	</object>
</annotation>
