<annotation>
	<folder></folder>
	<filename>malignant--26-_png.rf.975cbe2e4ceaac876729b5818ea7f87a.jpg</filename>
	<path>malignant--26-_png.rf.975cbe2e4ceaac876729b5818ea7f87a.jpg</path>
	<source>
		<database>roboflow.ai</database>
	</source>
	<size>
		<width>416</width>
		<height>416</height>
		<depth>3</depth>
	</size>
	<segmented>0</segmented>
	<object>
		<name>malignant</name>
		<pose>Unspecified</pose>
		<truncated>0</truncated>
		<difficult>0</difficult>
		<occluded>0</occluded>
		<bndbox>
			<xmin>168</xmin>
			<xmax>282</xmax>
			<ymin>20</ymin>
			<ymax>144</ymax>
		</bndbox>
	</object>
</annotation>
