<annotation>
	<folder></folder>
	<filename>malignant--6-_mask_png.rf.c6d0f5903c0c4fb45a61b4f4e7517627.jpg</filename>
	<path>malignant--6-_mask_png.rf.c6d0f5903c0c4fb45a61b4f4e7517627.jpg</path>
	<source>
		<database>roboflow.ai</database>
	</source>
	<size>
		<width>416</width>
		<height>416</height>
		<depth>3</depth>
	</size>
	<segmented>0</segmented>
	<object>
		<name>malignant</name>
		<pose>Unspecified</pose>
		<truncated>0</truncated>
		<difficult>0</difficult>
		<occluded>0</occluded>
		<bndbox>
			<xmin>80</xmin>
			<xmax>214</xmax>
			<ymin>132</ymin>
			<ymax>287</ymax>
		</bndbox>
	</object>
</annotation>
