<annotation>
	<folder></folder>
	<filename>malignant--38-_png.rf.f26f2f333937a00c330e9a2dfd6ae56a.jpg</filename>
	<path>malignant--38-_png.rf.f26f2f333937a00c330e9a2dfd6ae56a.jpg</path>
	<source>
		<database>roboflow.ai</database>
	</source>
	<size>
		<width>416</width>
		<height>416</height>
		<depth>3</depth>
	</size>
	<segmented>0</segmented>
	<object>
		<name>malignant</name>
		<pose>Unspecified</pose>
		<truncated>0</truncated>
		<difficult>0</difficult>
		<occluded>0</occluded>
		<bndbox>
			<xmin>163</xmin>
			<xmax>243</xmax>
			<ymin>96</ymin>
			<ymax>219</ymax>
		</bndbox>
	</object>
</annotation>
