<annotation>
	<folder></folder>
	<filename>malignant--24-_png.rf.26e9e964768629cbf737ff1c9156c2d9.jpg</filename>
	<path>malignant--24-_png.rf.26e9e964768629cbf737ff1c9156c2d9.jpg</path>
	<source>
		<database>roboflow.ai</database>
	</source>
	<size>
		<width>416</width>
		<height>416</height>
		<depth>3</depth>
	</size>
	<segmented>0</segmented>
	<object>
		<name>malignant</name>
		<pose>Unspecified</pose>
		<truncated>0</truncated>
		<difficult>0</difficult>
		<occluded>0</occluded>
		<bndbox>
			<xmin>77</xmin>
			<xmax>311</xmax>
			<ymin>65</ymin>
			<ymax>316</ymax>
		</bndbox>
	</object>
</annotation>
