<annotation>
	<folder></folder>
	<filename>malignant--13-_png.rf.85d30202f2545f9f599fdd2be28d81e4.jpg</filename>
	<path>malignant--13-_png.rf.85d30202f2545f9f599fdd2be28d81e4.jpg</path>
	<source>
		<database>roboflow.ai</database>
	</source>
	<size>
		<width>416</width>
		<height>416</height>
		<depth>3</depth>
	</size>
	<segmented>0</segmented>
	<object>
		<name>malignant</name>
		<pose>Unspecified</pose>
		<truncated>0</truncated>
		<difficult>0</difficult>
		<occluded>0</occluded>
		<bndbox>
			<xmin>26</xmin>
			<xmax>252</xmax>
			<ymin>82</ymin>
			<ymax>177</ymax>
		</bndbox>
	</object>
</annotation>
