<annotation>
	<folder></folder>
	<filename>malignant--13-_mask_png.rf.6d15ff5746911119a37f80c4d2361bad.jpg</filename>
	<path>malignant--13-_mask_png.rf.6d15ff5746911119a37f80c4d2361bad.jpg</path>
	<source>
		<database>roboflow.ai</database>
	</source>
	<size>
		<width>416</width>
		<height>416</height>
		<depth>3</depth>
	</size>
	<segmented>0</segmented>
	<object>
		<name>malignant</name>
		<pose>Unspecified</pose>
		<truncated>0</truncated>
		<difficult>0</difficult>
		<occluded>0</occluded>
		<bndbox>
			<xmin>39</xmin>
			<xmax>298</xmax>
			<ymin>69</ymin>
			<ymax>216</ymax>
		</bndbox>
	</object>
</annotation>
