<annotation>
	<folder></folder>
	<filename>malignant--43-_png.rf.57f92c0f25afa08111e00ce4908af9d1.jpg</filename>
	<path>malignant--43-_png.rf.57f92c0f25afa08111e00ce4908af9d1.jpg</path>
	<source>
		<database>roboflow.ai</database>
	</source>
	<size>
		<width>416</width>
		<height>416</height>
		<depth>3</depth>
	</size>
	<segmented>0</segmented>
	<object>
		<name>malignant</name>
		<pose>Unspecified</pose>
		<truncated>0</truncated>
		<difficult>0</difficult>
		<occluded>0</occluded>
		<bndbox>
			<xmin>8</xmin>
			<xmax>384</xmax>
			<ymin>18</ymin>
			<ymax>209</ymax>
		</bndbox>
	</object>
</annotation>
