<annotation>
	<folder></folder>
	<filename>malignant--16-_mask_png.rf.10980100f9c6e6fdf66d8c2d45c3518e.jpg</filename>
	<path>malignant--16-_mask_png.rf.10980100f9c6e6fdf66d8c2d45c3518e.jpg</path>
	<source>
		<database>roboflow.ai</database>
	</source>
	<size>
		<width>416</width>
		<height>416</height>
		<depth>3</depth>
	</size>
	<segmented>0</segmented>
	<object>
		<name>malignant</name>
		<pose>Unspecified</pose>
		<truncated>0</truncated>
		<difficult>0</difficult>
		<occluded>0</occluded>
		<bndbox>
			<xmin>2</xmin>
			<xmax>354</xmax>
			<ymin>64</ymin>
			<ymax>250</ymax>
		</bndbox>
	</object>
</annotation>
