<annotation>
	<folder></folder>
	<filename>malignant--48-_mask_png.rf.27469cf0cc42a9d6cc6b77662dc0c0b0.jpg</filename>
	<path>malignant--48-_mask_png.rf.27469cf0cc42a9d6cc6b77662dc0c0b0.jpg</path>
	<source>
		<database>roboflow.ai</database>
	</source>
	<size>
		<width>416</width>
		<height>416</height>
		<depth>3</depth>
	</size>
	<segmented>0</segmented>
	<object>
		<name>malignant</name>
		<pose>Unspecified</pose>
		<truncated>0</truncated>
		<difficult>0</difficult>
		<occluded>0</occluded>
		<bndbox>
			<xmin>181</xmin>
			<xmax>324</xmax>
			<ymin>42</ymin>
			<ymax>159</ymax>
		</bndbox>
	</object>
</annotation>
