<annotation>
	<folder></folder>
	<filename>malignant--21-_mask_png.rf.714e51aafaafa479ab0edeb2076b87e5.jpg</filename>
	<path>malignant--21-_mask_png.rf.714e51aafaafa479ab0edeb2076b87e5.jpg</path>
	<source>
		<database>roboflow.ai</database>
	</source>
	<size>
		<width>416</width>
		<height>416</height>
		<depth>3</depth>
	</size>
	<segmented>0</segmented>
	<object>
		<name>malignant</name>
		<pose>Unspecified</pose>
		<truncated>0</truncated>
		<difficult>0</difficult>
		<occluded>0</occluded>
		<bndbox>
			<xmin>4</xmin>
			<xmax>187</xmax>
			<ymin>9</ymin>
			<ymax>327</ymax>
		</bndbox>
	</object>
</annotation>
