<annotation>
	<folder></folder>
	<filename>malignant--19-_mask_png.rf.d2ed3ede5c2dc7e061fad32ce748bf3c.jpg</filename>
	<path>malignant--19-_mask_png.rf.d2ed3ede5c2dc7e061fad32ce748bf3c.jpg</path>
	<source>
		<database>roboflow.ai</database>
	</source>
	<size>
		<width>416</width>
		<height>416</height>
		<depth>3</depth>
	</size>
	<segmented>0</segmented>
	<object>
		<name>malignant</name>
		<pose>Unspecified</pose>
		<truncated>0</truncated>
		<difficult>0</difficult>
		<occluded>0</occluded>
		<bndbox>
			<xmin>47</xmin>
			<xmax>303</xmax>
			<ymin>71</ymin>
			<ymax>317</ymax>
		</bndbox>
	</object>
</annotation>
