<annotation>
	<folder></folder>
	<filename>malignant--22-_png.rf.4aaf5a43e9a93efd844017535fa2be66.jpg</filename>
	<path>malignant--22-_png.rf.4aaf5a43e9a93efd844017535fa2be66.jpg</path>
	<source>
		<database>roboflow.ai</database>
	</source>
	<size>
		<width>416</width>
		<height>416</height>
		<depth>3</depth>
	</size>
	<segmented>0</segmented>
	<object>
		<name>malignant</name>
		<pose>Unspecified</pose>
		<truncated>0</truncated>
		<difficult>0</difficult>
		<occluded>0</occluded>
		<bndbox>
			<xmin>151</xmin>
			<xmax>356</xmax>
			<ymin>91</ymin>
			<ymax>324</ymax>
		</bndbox>
	</object>
</annotation>
