<annotation>
	<folder></folder>
	<filename>malignant--19-_png.rf.2fa3206ac45a6fef514c87d4e9b8df10.jpg</filename>
	<path>malignant--19-_png.rf.2fa3206ac45a6fef514c87d4e9b8df10.jpg</path>
	<source>
		<database>roboflow.ai</database>
	</source>
	<size>
		<width>416</width>
		<height>416</height>
		<depth>3</depth>
	</size>
	<segmented>0</segmented>
	<object>
		<name>malignant</name>
		<pose>Unspecified</pose>
		<truncated>0</truncated>
		<difficult>0</difficult>
		<occluded>0</occluded>
		<bndbox>
			<xmin>32</xmin>
			<xmax>281</xmax>
			<ymin>89</ymin>
			<ymax>300</ymax>
		</bndbox>
	</object>
</annotation>
