<annotation>
	<folder></folder>
	<filename>malignant--15-_png.rf.47424d0d765f57bef84be342bf4da9b9.jpg</filename>
	<path>malignant--15-_png.rf.47424d0d765f57bef84be342bf4da9b9.jpg</path>
	<source>
		<database>roboflow.ai</database>
	</source>
	<size>
		<width>416</width>
		<height>416</height>
		<depth>3</depth>
	</size>
	<segmented>0</segmented>
	<object>
		<name>malignant</name>
		<pose>Unspecified</pose>
		<truncated>0</truncated>
		<difficult>0</difficult>
		<occluded>0</occluded>
		<bndbox>
			<xmin>55</xmin>
			<xmax>362</xmax>
			<ymin>98</ymin>
			<ymax>285</ymax>
		</bndbox>
	</object>
</annotation>
