<annotation>
	<folder></folder>
	<filename>malignant--18-_mask_png.rf.c6f9a9430bb408772f26b9a6b539f4de.jpg</filename>
	<path>malignant--18-_mask_png.rf.c6f9a9430bb408772f26b9a6b539f4de.jpg</path>
	<source>
		<database>roboflow.ai</database>
	</source>
	<size>
		<width>416</width>
		<height>416</height>
		<depth>3</depth>
	</size>
	<segmented>0</segmented>
	<object>
		<name>malignant</name>
		<pose>Unspecified</pose>
		<truncated>0</truncated>
		<difficult>0</difficult>
		<occluded>0</occluded>
		<bndbox>
			<xmin>22</xmin>
			<xmax>200</xmax>
			<ymin>21</ymin>
			<ymax>169</ymax>
		</bndbox>
	</object>
</annotation>
