<annotation>
	<folder></folder>
	<filename>malignant--50-_mask_png.rf.adb82538a28491ba9fe40465996c8460.jpg</filename>
	<path>malignant--50-_mask_png.rf.adb82538a28491ba9fe40465996c8460.jpg</path>
	<source>
		<database>roboflow.ai</database>
	</source>
	<size>
		<width>416</width>
		<height>416</height>
		<depth>3</depth>
	</size>
	<segmented>0</segmented>
	<object>
		<name>malignant</name>
		<pose>Unspecified</pose>
		<truncated>0</truncated>
		<difficult>0</difficult>
		<occluded>0</occluded>
		<bndbox>
			<xmin>142</xmin>
			<xmax>308</xmax>
			<ymin>18</ymin>
			<ymax>224</ymax>
		</bndbox>
	</object>
</annotation>
