<annotation>
	<folder></folder>
	<filename>malignant--21-_png.rf.5b9e58715eb98cfe5df7548b5d26315c.jpg</filename>
	<path>malignant--21-_png.rf.5b9e58715eb98cfe5df7548b5d26315c.jpg</path>
	<source>
		<database>roboflow.ai</database>
	</source>
	<size>
		<width>416</width>
		<height>416</height>
		<depth>3</depth>
	</size>
	<segmented>0</segmented>
	<object>
		<name>malignant</name>
		<pose>Unspecified</pose>
		<truncated>0</truncated>
		<difficult>0</difficult>
		<occluded>0</occluded>
		<bndbox>
			<xmin>4</xmin>
			<xmax>159</xmax>
			<ymin>2</ymin>
			<ymax>311</ymax>
		</bndbox>
	</object>
</annotation>
