<annotation>
	<folder></folder>
	<filename>malignant--49-_mask_png.rf.c1d9fe01b63c212b8851234d79682df2.jpg</filename>
	<path>malignant--49-_mask_png.rf.c1d9fe01b63c212b8851234d79682df2.jpg</path>
	<source>
		<database>roboflow.ai</database>
	</source>
	<size>
		<width>416</width>
		<height>416</height>
		<depth>3</depth>
	</size>
	<segmented>0</segmented>
	<object>
		<name>malignant</name>
		<pose>Unspecified</pose>
		<truncated>0</truncated>
		<difficult>0</difficult>
		<occluded>0</occluded>
		<bndbox>
			<xmin>152</xmin>
			<xmax>302</xmax>
			<ymin>28</ymin>
			<ymax>189</ymax>
		</bndbox>
	</object>
</annotation>
