<annotation>
	<folder></folder>
	<filename>malignant--3-_mask_png.rf.dec710ae69af5c1b058d8d48cf07d3d7.jpg</filename>
	<path>malignant--3-_mask_png.rf.dec710ae69af5c1b058d8d48cf07d3d7.jpg</path>
	<source>
		<database>roboflow.ai</database>
	</source>
	<size>
		<width>416</width>
		<height>416</height>
		<depth>3</depth>
	</size>
	<segmented>0</segmented>
	<object>
		<name>malignant</name>
		<pose>Unspecified</pose>
		<truncated>0</truncated>
		<difficult>0</difficult>
		<occluded>0</occluded>
		<bndbox>
			<xmin>66</xmin>
			<xmax>246</xmax>
			<ymin>120</ymin>
			<ymax>262</ymax>
		</bndbox>
	</object>
</annotation>
