<annotation>
	<folder></folder>
	<filename>malignant--8-_mask_png.rf.e8ef1631b6a06c254fbe8602b91b349f.jpg</filename>
	<path>malignant--8-_mask_png.rf.e8ef1631b6a06c254fbe8602b91b349f.jpg</path>
	<source>
		<database>roboflow.ai</database>
	</source>
	<size>
		<width>416</width>
		<height>416</height>
		<depth>3</depth>
	</size>
	<segmented>0</segmented>
	<object>
		<name>malignant</name>
		<pose>Unspecified</pose>
		<truncated>0</truncated>
		<difficult>0</difficult>
		<occluded>0</occluded>
		<bndbox>
			<xmin>64</xmin>
			<xmax>212</xmax>
			<ymin>138</ymin>
			<ymax>284</ymax>
		</bndbox>
	</object>
</annotation>
