<annotation>
	<folder></folder>
	<filename>malignant--29-_png.rf.9b29e1128a8a27c103431fb985e7a56f.jpg</filename>
	<path>malignant--29-_png.rf.9b29e1128a8a27c103431fb985e7a56f.jpg</path>
	<source>
		<database>roboflow.ai</database>
	</source>
	<size>
		<width>416</width>
		<height>416</height>
		<depth>3</depth>
	</size>
	<segmented>0</segmented>
	<object>
		<name>malignant</name>
		<pose>Unspecified</pose>
		<truncated>0</truncated>
		<difficult>0</difficult>
		<occluded>0</occluded>
		<bndbox>
			<xmin>29</xmin>
			<xmax>229</xmax>
			<ymin>64</ymin>
			<ymax>331</ymax>
		</bndbox>
	</object>
</annotation>
