<annotation>
	<folder></folder>
	<filename>malignant--20-_png.rf.d75ff34edcbd5647f721cfeb871d4fcb.jpg</filename>
	<path>malignant--20-_png.rf.d75ff34edcbd5647f721cfeb871d4fcb.jpg</path>
	<source>
		<database>roboflow.ai</database>
	</source>
	<size>
		<width>416</width>
		<height>416</height>
		<depth>3</depth>
	</size>
	<segmented>0</segmented>
	<object>
		<name>malignant</name>
		<pose>Unspecified</pose>
		<truncated>0</truncated>
		<difficult>0</difficult>
		<occluded>0</occluded>
		<bndbox>
			<xmin>46</xmin>
			<xmax>321</xmax>
			<ymin>96</ymin>
			<ymax>303</ymax>
		</bndbox>
	</object>
</annotation>
