<annotation>
	<folder></folder>
	<filename>malignant--42-_png.rf.f4513e36f6ff31c7990dfd01735efa34.jpg</filename>
	<path>malignant--42-_png.rf.f4513e36f6ff31c7990dfd01735efa34.jpg</path>
	<source>
		<database>roboflow.ai</database>
	</source>
	<size>
		<width>416</width>
		<height>416</height>
		<depth>3</depth>
	</size>
	<segmented>0</segmented>
	<object>
		<name>malignant</name>
		<pose>Unspecified</pose>
		<truncated>0</truncated>
		<difficult>0</difficult>
		<occluded>0</occluded>
		<bndbox>
			<xmin>156</xmin>
			<xmax>336</xmax>
			<ymin>43</ymin>
			<ymax>261</ymax>
		</bndbox>
	</object>
</annotation>
