<annotation>
	<folder></folder>
	<filename>malignant--9-_png.rf.844ccc241f886ae36553f25f8912b4ba.jpg</filename>
	<path>malignant--9-_png.rf.844ccc241f886ae36553f25f8912b4ba.jpg</path>
	<source>
		<database>roboflow.ai</database>
	</source>
	<size>
		<width>416</width>
		<height>416</height>
		<depth>3</depth>
	</size>
	<segmented>0</segmented>
	<object>
		<name>malignant</name>
		<pose>Unspecified</pose>
		<truncated>0</truncated>
		<difficult>0</difficult>
		<occluded>0</occluded>
		<bndbox>
			<xmin>64</xmin>
			<xmax>205</xmax>
			<ymin>146</ymin>
			<ymax>267</ymax>
		</bndbox>
	</object>
</annotation>
