<annotation>
	<folder></folder>
	<filename>malignant--37-_png.rf.728f0c0650cfa13aadb9b8246357df8d.jpg</filename>
	<path>malignant--37-_png.rf.728f0c0650cfa13aadb9b8246357df8d.jpg</path>
	<source>
		<database>roboflow.ai</database>
	</source>
	<size>
		<width>416</width>
		<height>416</height>
		<depth>3</depth>
	</size>
	<segmented>0</segmented>
	<object>
		<name>malignant</name>
		<pose>Unspecified</pose>
		<truncated>0</truncated>
		<difficult>0</difficult>
		<occluded>0</occluded>
		<bndbox>
			<xmin>59</xmin>
			<xmax>263</xmax>
			<ymin>1</ymin>
			<ymax>255</ymax>
		</bndbox>
	</object>
</annotation>
