<annotation>
	<folder></folder>
	<filename>malignant--23-_mask_png.rf.0b4396f370b53d92088b2fe3ebb03ed6.jpg</filename>
	<path>malignant--23-_mask_png.rf.0b4396f370b53d92088b2fe3ebb03ed6.jpg</path>
	<source>
		<database>roboflow.ai</database>
	</source>
	<size>
		<width>416</width>
		<height>416</height>
		<depth>3</depth>
	</size>
	<segmented>0</segmented>
	<object>
		<name>malignant</name>
		<pose>Unspecified</pose>
		<truncated>0</truncated>
		<difficult>0</difficult>
		<occluded>0</occluded>
		<bndbox>
			<xmin>10</xmin>
			<xmax>389</xmax>
			<ymin>102</ymin>
			<ymax>363</ymax>
		</bndbox>
	</object>
</annotation>
