<annotation>
	<folder></folder>
	<filename>malignant--3-_png.rf.64bd97f9415310e152776f1d0f4114e5.jpg</filename>
	<path>malignant--3-_png.rf.64bd97f9415310e152776f1d0f4114e5.jpg</path>
	<source>
		<database>roboflow.ai</database>
	</source>
	<size>
		<width>416</width>
		<height>416</height>
		<depth>3</depth>
	</size>
	<segmented>0</segmented>
	<object>
		<name>malignant</name>
		<pose>Unspecified</pose>
		<truncated>0</truncated>
		<difficult>0</difficult>
		<occluded>0</occluded>
		<bndbox>
			<xmin>66</xmin>
			<xmax>214</xmax>
			<ymin>122</ymin>
			<ymax>247</ymax>
		</bndbox>
	</object>
</annotation>
