<annotation>
	<folder></folder>
	<filename>malignant--18-_png.rf.872daba00702b3d84a1f14e583add953.jpg</filename>
	<path>malignant--18-_png.rf.872daba00702b3d84a1f14e583add953.jpg</path>
	<source>
		<database>roboflow.ai</database>
	</source>
	<size>
		<width>416</width>
		<height>416</height>
		<depth>3</depth>
	</size>
	<segmented>0</segmented>
	<object>
		<name>malignant</name>
		<pose>Unspecified</pose>
		<truncated>0</truncated>
		<difficult>0</difficult>
		<occluded>0</occluded>
		<bndbox>
			<xmin>30</xmin>
			<xmax>183</xmax>
			<ymin>32</ymin>
			<ymax>184</ymax>
		</bndbox>
	</object>
</annotation>
