<annotation>
	<folder></folder>
	<filename>malignant--36-_mask_png.rf.47325ec032cbdb7ef6ba52920688edb0.jpg</filename>
	<path>malignant--36-_mask_png.rf.47325ec032cbdb7ef6ba52920688edb0.jpg</path>
	<source>
		<database>roboflow.ai</database>
	</source>
	<size>
		<width>416</width>
		<height>416</height>
		<depth>3</depth>
	</size>
	<segmented>0</segmented>
	<object>
		<name>malignant</name>
		<pose>Unspecified</pose>
		<truncated>0</truncated>
		<difficult>0</difficult>
		<occluded>0</occluded>
		<bndbox>
			<xmin>113</xmin>
			<xmax>317</xmax>
			<ymin>50</ymin>
			<ymax>203</ymax>
		</bndbox>
	</object>
</annotation>
