<annotation>
	<folder></folder>
	<filename>malignant--40-_png.rf.ba57eab57a4949e46e9d01d636ebf725.jpg</filename>
	<path>malignant--40-_png.rf.ba57eab57a4949e46e9d01d636ebf725.jpg</path>
	<source>
		<database>roboflow.ai</database>
	</source>
	<size>
		<width>416</width>
		<height>416</height>
		<depth>3</depth>
	</size>
	<segmented>0</segmented>
	<object>
		<name>malignant</name>
		<pose>Unspecified</pose>
		<truncated>0</truncated>
		<difficult>0</difficult>
		<occluded>0</occluded>
		<bndbox>
			<xmin>121</xmin>
			<xmax>323</xmax>
			<ymin>64</ymin>
			<ymax>268</ymax>
		</bndbox>
	</object>
</annotation>
