<annotation>
	<folder></folder>
	<filename>malignant--47-_png.rf.81b805149f2a9a09af909bcd3569c71e.jpg</filename>
	<path>malignant--47-_png.rf.81b805149f2a9a09af909bcd3569c71e.jpg</path>
	<source>
		<database>roboflow.ai</database>
	</source>
	<size>
		<width>416</width>
		<height>416</height>
		<depth>3</depth>
	</size>
	<segmented>0</segmented>
	<object>
		<name>malignant</name>
		<pose>Unspecified</pose>
		<truncated>0</truncated>
		<difficult>0</difficult>
		<occluded>0</occluded>
		<bndbox>
			<xmin>56</xmin>
			<xmax>333</xmax>
			<ymin>20</ymin>
			<ymax>244</ymax>
		</bndbox>
	</object>
</annotation>
