<annotation>
	<folder></folder>
	<filename>malignant--32-_png.rf.ad6c0afc03e3cabab7ee55302af8bec0.jpg</filename>
	<path>malignant--32-_png.rf.ad6c0afc03e3cabab7ee55302af8bec0.jpg</path>
	<source>
		<database>roboflow.ai</database>
	</source>
	<size>
		<width>416</width>
		<height>416</height>
		<depth>3</depth>
	</size>
	<segmented>0</segmented>
	<object>
		<name>malignant</name>
		<pose>Unspecified</pose>
		<truncated>0</truncated>
		<difficult>0</difficult>
		<occluded>0</occluded>
		<bndbox>
			<xmin>123</xmin>
			<xmax>290</xmax>
			<ymin>62</ymin>
			<ymax>374</ymax>
		</bndbox>
	</object>
</annotation>
