<annotation>
	<folder></folder>
	<filename>malignant--45-_mask_png.rf.dcb7a82e911b394e14b699e1ec6188f7.jpg</filename>
	<path>malignant--45-_mask_png.rf.dcb7a82e911b394e14b699e1ec6188f7.jpg</path>
	<source>
		<database>roboflow.ai</database>
	</source>
	<size>
		<width>416</width>
		<height>416</height>
		<depth>3</depth>
	</size>
	<segmented>0</segmented>
	<object>
		<name>malignant</name>
		<pose>Unspecified</pose>
		<truncated>0</truncated>
		<difficult>0</difficult>
		<occluded>0</occluded>
		<bndbox>
			<xmin>49</xmin>
			<xmax>254</xmax>
			<ymin>167</ymin>
			<ymax>404</ymax>
		</bndbox>
	</object>
</annotation>
