<annotation>
	<folder></folder>
	<filename>malignant--47-_mask_png.rf.afe42e1fe73f8fc4327be8d2ea77f13b.jpg</filename>
	<path>malignant--47-_mask_png.rf.afe42e1fe73f8fc4327be8d2ea77f13b.jpg</path>
	<source>
		<database>roboflow.ai</database>
	</source>
	<size>
		<width>416</width>
		<height>416</height>
		<depth>3</depth>
	</size>
	<segmented>0</segmented>
	<object>
		<name>malignant</name>
		<pose>Unspecified</pose>
		<truncated>0</truncated>
		<difficult>0</difficult>
		<occluded>0</occluded>
		<bndbox>
			<xmin>41</xmin>
			<xmax>347</xmax>
			<ymin>20</ymin>
			<ymax>236</ymax>
		</bndbox>
	</object>
</annotation>
