<annotation>
	<folder></folder>
	<filename>malignant--10-_mask_png.rf.20bb19d4a2ac460faca4bde06a7f7dd6.jpg</filename>
	<path>malignant--10-_mask_png.rf.20bb19d4a2ac460faca4bde06a7f7dd6.jpg</path>
	<source>
		<database>roboflow.ai</database>
	</source>
	<size>
		<width>416</width>
		<height>416</height>
		<depth>3</depth>
	</size>
	<segmented>0</segmented>
	<object>
		<name>malignant</name>
		<pose>Unspecified</pose>
		<truncated>0</truncated>
		<difficult>0</difficult>
		<occluded>0</occluded>
		<bndbox>
			<xmin>183</xmin>
			<xmax>282</xmax>
			<ymin>33</ymin>
			<ymax>140</ymax>
		</bndbox>
	</object>
</annotation>
