<annotation>
	<folder></folder>
	<filename>malignant--22-_mask_png.rf.e924fad73951288352a78172e7bd13ca.jpg</filename>
	<path>malignant--22-_mask_png.rf.e924fad73951288352a78172e7bd13ca.jpg</path>
	<source>
		<database>roboflow.ai</database>
	</source>
	<size>
		<width>416</width>
		<height>416</height>
		<depth>3</depth>
	</size>
	<segmented>0</segmented>
	<object>
		<name>malignant</name>
		<pose>Unspecified</pose>
		<truncated>0</truncated>
		<difficult>0</difficult>
		<occluded>0</occluded>
		<bndbox>
			<xmin>142</xmin>
			<xmax>347</xmax>
			<ymin>76</ymin>
			<ymax>327</ymax>
		</bndbox>
	</object>
</annotation>
