<annotation>
	<folder></folder>
	<filename>malignant--11-_png.rf.2481d129e1deae9bcf1bdc9897fd5430.jpg</filename>
	<path>malignant--11-_png.rf.2481d129e1deae9bcf1bdc9897fd5430.jpg</path>
	<source>
		<database>roboflow.ai</database>
	</source>
	<size>
		<width>416</width>
		<height>416</height>
		<depth>3</depth>
	</size>
	<segmented>0</segmented>
	<object>
		<name>malignant</name>
		<pose>Unspecified</pose>
		<truncated>0</truncated>
		<difficult>0</difficult>
		<occluded>0</occluded>
		<bndbox>
			<xmin>186</xmin>
			<xmax>342</xmax>
			<ymin>153</ymin>
			<ymax>284</ymax>
		</bndbox>
	</object>
</annotation>
