<annotation>
	<folder></folder>
	<filename>malignant--4-_png.rf.7e524e92f713ca5930ffd8f77da9b2af.jpg</filename>
	<path>malignant--4-_png.rf.7e524e92f713ca5930ffd8f77da9b2af.jpg</path>
	<source>
		<database>roboflow.ai</database>
	</source>
	<size>
		<width>416</width>
		<height>416</height>
		<depth>3</depth>
	</size>
	<segmented>0</segmented>
	<object>
		<name>malignant</name>
		<pose>Unspecified</pose>
		<truncated>0</truncated>
		<difficult>0</difficult>
		<occluded>0</occluded>
		<bndbox>
			<xmin>31</xmin>
			<xmax>219</xmax>
			<ymin>148</ymin>
			<ymax>276</ymax>
		</bndbox>
	</object>
</annotation>
