<annotation>
	<folder></folder>
	<filename>malignant--30-_mask_png.rf.6f1210fb15fe470db67a5f68ecdb268a.jpg</filename>
	<path>malignant--30-_mask_png.rf.6f1210fb15fe470db67a5f68ecdb268a.jpg</path>
	<source>
		<database>roboflow.ai</database>
	</source>
	<size>
		<width>416</width>
		<height>416</height>
		<depth>3</depth>
	</size>
	<segmented>0</segmented>
	<object>
		<name>malignant</name>
		<pose>Unspecified</pose>
		<truncated>0</truncated>
		<difficult>0</difficult>
		<occluded>0</occluded>
		<bndbox>
			<xmin>53</xmin>
			<xmax>320</xmax>
			<ymin>14</ymin>
			<ymax>352</ymax>
		</bndbox>
	</object>
</annotation>
