<annotation>
	<folder></folder>
	<filename>malignant--25-_mask_png.rf.0c0753f91533993b7b1fde70b13a5155.jpg</filename>
	<path>malignant--25-_mask_png.rf.0c0753f91533993b7b1fde70b13a5155.jpg</path>
	<source>
		<database>roboflow.ai</database>
	</source>
	<size>
		<width>416</width>
		<height>416</height>
		<depth>3</depth>
	</size>
	<segmented>0</segmented>
	<object>
		<name>malignant</name>
		<pose>Unspecified</pose>
		<truncated>0</truncated>
		<difficult>0</difficult>
		<occluded>0</occluded>
		<bndbox>
			<xmin>43</xmin>
			<xmax>342</xmax>
			<ymin>26</ymin>
			<ymax>387</ymax>
		</bndbox>
	</object>
</annotation>
