<annotation>
	<folder></folder>
	<filename>malignant--6-_png.rf.548d3634d6fd942544bb53c87085d31c.jpg</filename>
	<path>malignant--6-_png.rf.548d3634d6fd942544bb53c87085d31c.jpg</path>
	<source>
		<database>roboflow.ai</database>
	</source>
	<size>
		<width>416</width>
		<height>416</height>
		<depth>3</depth>
	</size>
	<segmented>0</segmented>
	<object>
		<name>malignant</name>
		<pose>Unspecified</pose>
		<truncated>0</truncated>
		<difficult>0</difficult>
		<occluded>0</occluded>
		<bndbox>
			<xmin>94</xmin>
			<xmax>217</xmax>
			<ymin>140</ymin>
			<ymax>280</ymax>
		</bndbox>
	</object>
</annotation>
