<annotation>
	<folder></folder>
	<filename>malignant--35-_png.rf.51b52c70e346fb93abc5ab64210ad52f.jpg</filename>
	<path>malignant--35-_png.rf.51b52c70e346fb93abc5ab64210ad52f.jpg</path>
	<source>
		<database>roboflow.ai</database>
	</source>
	<size>
		<width>416</width>
		<height>416</height>
		<depth>3</depth>
	</size>
	<segmented>0</segmented>
	<object>
		<name>malignant</name>
		<pose>Unspecified</pose>
		<truncated>0</truncated>
		<difficult>0</difficult>
		<occluded>0</occluded>
		<bndbox>
			<xmin>8</xmin>
			<xmax>181</xmax>
			<ymin>43</ymin>
			<ymax>258</ymax>
		</bndbox>
	</object>
</annotation>
