<annotation>
	<folder></folder>
	<filename>malignant--1-_mask_png.rf.84a3f5e671e0245c237869c0527511af.jpg</filename>
	<path>malignant--1-_mask_png.rf.84a3f5e671e0245c237869c0527511af.jpg</path>
	<source>
		<database>roboflow.ai</database>
	</source>
	<size>
		<width>416</width>
		<height>416</height>
		<depth>3</depth>
	</size>
	<segmented>0</segmented>
	<object>
		<name>malignant</name>
		<pose>Unspecified</pose>
		<truncated>0</truncated>
		<difficult>0</difficult>
		<occluded>0</occluded>
		<bndbox>
			<xmin>7</xmin>
			<xmax>416</xmax>
			<ymin>89</ymin>
			<ymax>303</ymax>
		</bndbox>
	</object>
</annotation>
