<annotation>
	<folder></folder>
	<filename>malignant--28-_mask_png.rf.89c4734097f01a6b9964b9be765db00a.jpg</filename>
	<path>malignant--28-_mask_png.rf.89c4734097f01a6b9964b9be765db00a.jpg</path>
	<source>
		<database>roboflow.ai</database>
	</source>
	<size>
		<width>416</width>
		<height>416</height>
		<depth>3</depth>
	</size>
	<segmented>0</segmented>
	<object>
		<name>malignant</name>
		<pose>Unspecified</pose>
		<truncated>0</truncated>
		<difficult>0</difficult>
		<occluded>0</occluded>
		<bndbox>
			<xmin>264</xmin>
			<xmax>385</xmax>
			<ymin>74</ymin>
			<ymax>183</ymax>
		</bndbox>
	</object>
</annotation>
