<annotation>
	<folder></folder>
	<filename>malignant--42-_mask_png.rf.1aafa097e223731c89d5acd4d7592cfc.jpg</filename>
	<path>malignant--42-_mask_png.rf.1aafa097e223731c89d5acd4d7592cfc.jpg</path>
	<source>
		<database>roboflow.ai</database>
	</source>
	<size>
		<width>416</width>
		<height>416</height>
		<depth>3</depth>
	</size>
	<segmented>0</segmented>
	<object>
		<name>malignant</name>
		<pose>Unspecified</pose>
		<truncated>0</truncated>
		<difficult>0</difficult>
		<occluded>0</occluded>
		<bndbox>
			<xmin>150</xmin>
			<xmax>336</xmax>
			<ymin>48</ymin>
			<ymax>261</ymax>
		</bndbox>
	</object>
</annotation>
