<annotation>
	<folder></folder>
	<filename>malignant--14-_mask_png.rf.754b2f0e994840acf0dd7359e8c0f313.jpg</filename>
	<path>malignant--14-_mask_png.rf.754b2f0e994840acf0dd7359e8c0f313.jpg</path>
	<source>
		<database>roboflow.ai</database>
	</source>
	<size>
		<width>416</width>
		<height>416</height>
		<depth>3</depth>
	</size>
	<segmented>0</segmented>
	<object>
		<name>malignant</name>
		<pose>Unspecified</pose>
		<truncated>0</truncated>
		<difficult>0</difficult>
		<occluded>0</occluded>
		<bndbox>
			<xmin>23</xmin>
			<xmax>370</xmax>
			<ymin>36</ymin>
			<ymax>233</ymax>
		</bndbox>
	</object>
</annotation>
