<annotation>
	<folder></folder>
	<filename>malignant--8-_png.rf.8483d2641179f7b7700c3c0f34b714ee.jpg</filename>
	<path>malignant--8-_png.rf.8483d2641179f7b7700c3c0f34b714ee.jpg</path>
	<source>
		<database>roboflow.ai</database>
	</source>
	<size>
		<width>416</width>
		<height>416</height>
		<depth>3</depth>
	</size>
	<segmented>0</segmented>
	<object>
		<name>malignant</name>
		<pose>Unspecified</pose>
		<truncated>0</truncated>
		<difficult>0</difficult>
		<occluded>0</occluded>
		<bndbox>
			<xmin>58</xmin>
			<xmax>208</xmax>
			<ymin>140</ymin>
			<ymax>273</ymax>
		</bndbox>
	</object>
</annotation>
