<annotation>
	<folder></folder>
	<filename>malignant--31-_mask_png.rf.d24c5a37cfba080d6398ae53ba97d0a2.jpg</filename>
	<path>malignant--31-_mask_png.rf.d24c5a37cfba080d6398ae53ba97d0a2.jpg</path>
	<source>
		<database>roboflow.ai</database>
	</source>
	<size>
		<width>416</width>
		<height>416</height>
		<depth>3</depth>
	</size>
	<segmented>0</segmented>
	<object>
		<name>malignant</name>
		<pose>Unspecified</pose>
		<truncated>0</truncated>
		<difficult>0</difficult>
		<occluded>0</occluded>
		<bndbox>
			<xmin>5</xmin>
			<xmax>331</xmax>
			<ymin>8</ymin>
			<ymax>399</ymax>
		</bndbox>
	</object>
</annotation>
