<annotation>
	<folder></folder>
	<filename>normal--25-_mask_png.rf.e9c2783b5f57e7424c2184db51bbf0ca.jpg</filename>
	<path>normal--25-_mask_png.rf.e9c2783b5f57e7424c2184db51bbf0ca.jpg</path>
	<source>
		<database>roboflow.ai</database>
	</source>
	<size>
		<width>416</width>
		<height>416</height>
		<depth>3</depth>
	</size>
	<segmented>0</segmented>
	<object>
		<name>normal</name>
		<pose>Unspecified</pose>
		<truncated>0</truncated>
		<difficult>0</difficult>
		<occluded>0</occluded>
		<bndbox>
			<xmin>1</xmin>
			<xmax>416</xmax>
			<ymin>1</ymin>
			<ymax>416</ymax>
		</bndbox>
	</object>
</annotation>
