<annotation>
	<folder></folder>
	<filename>normal--40-_png.rf.52ceceb2ddaf1b8341263630f5c3dde2.jpg</filename>
	<path>normal--40-_png.rf.52ceceb2ddaf1b8341263630f5c3dde2.jpg</path>
	<source>
		<database>roboflow.ai</database>
	</source>
	<size>
		<width>416</width>
		<height>416</height>
		<depth>3</depth>
	</size>
	<segmented>0</segmented>
	<object>
		<name>normal</name>
		<pose>Unspecified</pose>
		<truncated>0</truncated>
		<difficult>0</difficult>
		<occluded>0</occluded>
		<bndbox>
			<xmin>1</xmin>
			<xmax>416</xmax>
			<ymin>1</ymin>
			<ymax>416</ymax>
		</bndbox>
	</object>
</annotation>
